LA_name,LA_code,Total_deaths,Population_density,Household_deprivation,Household_not_deprived,Young,Adult,Elderly,On_foot,Public_transport,personal_vehivle,Very_good_health,Good_health,Fair_health,Bad_health,Very_bad_health,Lives_in_a_household,Lives_in_a_communal_establishment,Travel_for_work,Works_mainly_from_home,"Works_mainly_at_an_offshore_installation,_in_no_fixed_place,_or_outside_the_UK",Economically_active_(excluding_full_time_students),Economically_active_and_a_full_time_student,Economically_inactive,Part_time,Full_time
Hartlepool,E06000001,2.707561678,92.334,578.2555583,2371.104159,234.637295,567.9056469,197.4570581,33.89867221,94.82964022,274.6333961,431.2279334,333.0192562,156.1180064,60.92013776,18.75798731,990.6534971,9.3898239,274.9474733,71.1547209,62.72878896,427.653952,13.68943185,367.513592,129.5514112,279.279572
Middlesbrough,E06000002,2.536095941,143.922,578.3910259,2371.866021,255.40918,576.5970456,167.9937744,35.63735913,99.28294493,250.2883506,466.9682189,322.2717861,137.7204319,55.37027001,17.68318951,982.6225316,17.40526118,262.989675,65.85511597,63.27038257,404.6149998,27.89705535,359.1598227,132.1827101,259.9324634
Redcar and Cleveland,E06000003,2.307083846,136.536,558.8435705,2266.769638,218.2940763,549.1738443,232.5320795,30.00673815,94.82480811,275.9199039,425.4189371,339.9542978,158.4417297,57.97738325,18.17103182,990.9474424,9.015937189,266.3619851,73.37991445,67.63051503,423.3828441,13.30784555,386.0959747,131.8333626,275.539052
Stockton-on-Tees,E06000004,2.22794185,196.594,516.4941438,2068.227276,238.0540607,572.8099535,189.1359858,27.66106799,116.7482222,288.7880607,465.3193892,333.2807715,138.9004751,47.77358414,14.73086666,985.6862366,14.31885002,281.6973051,95.67433391,62.33150554,454.3119322,15.39721456,334.0183322,130.649969,309.0531756
Darlington,E06000005,2.263303867,107.807,513.9726475,2057.497371,224.8277014,570.6865046,204.4857941,46.19366089,134.5645459,271.93967,452.1877058,346.211285,142.6901778,46.52759097,12.31830957,990.8261987,9.099594646,288.5248639,110.9575445,57.7884553,470.9156177,14.47957925,331.8337399,129.935904,327.3256839
Halton,E06000006,2.132710644,128.475,567.7670736,2313.567382,233.9832652,579.5213076,186.4954271,33.43841214,135.8240903,283.5104106,459.7470325,322.6697801,140.790037,58.30706363,18.52500486,993.1659856,6.857365246,283.2302004,113.2360381,60.47869235,467.9587468,14.99124343,326.1412726,121.9536875,334.9912434
Warrington,E06000007,2.436376908,210.969,480.9140913,1926.463391,222.4971441,587.1573549,190.345501,26.86650645,171.6034109,286.4638881,500.6090942,327.7163944,121.3401021,39.17637188,11.1817376,985.2253175,14.7983827,274.3388839,154.747854,60.04199669,496.2814442,15.52360773,306.9029099,132.6640407,356.4646939
Blackburn with Darwen,E06000008,2.68846738,154.735,588.4254769,2429.693637,283.090445,572.1459269,144.7636281,38.87937441,107.4611432,260.0058164,477.9138527,323.1977251,132.529809,50.57679258,15.80120852,990.3706337,9.648754322,274.6825217,80.05945649,56.0118913,422.3026465,17.87572301,332.1679,132.9628074,277.7845995
Blackpool,E06000009,2.708585934,141.033,617.6974486,2615.729339,216.4103437,576.6097296,206.9799267,49.66213581,120.0144647,245.0844838,403.6856622,335.0634249,169.9105883,69.32420072,22.0373955,978.6078436,21.41342806,265.7179525,85.17864613,70.01198301,439.4219793,16.86130196,368.6158559,139.2936405,281.6149412
"Kingston upon Hull, City of",E06000010,2.288303809,267.01,588.1599002,2428.12684,245.3653421,601.7302723,152.9043856,39.98352122,98.82775926,297.6742444,433.6017378,348.8633385,149.2490918,52.42874799,15.87206472,982.8321037,17.18287705,322.3399873,58.17759634,60.62319763,460.0389499,19.9243474,321.0366653,129.9277181,311.2130632
East Riding of Yorkshire,E06000011,0.563969645,342.217,489.0113503,1956.990631,196.4776735,539.0819275,264.4403989,35.85152111,121.9460167,293.4015552,448.6831455,353.9187124,143.6544649,41.16686196,12.57097105,981.9500492,18.04410652,277.5052087,112.7004211,65.99905908,462.6041371,13.11156372,366.2705243,140.6329902,315.5687765
North East Lincolnshire,E06000012,1.605443217,156.966,560.3213703,2274.388456,228.9922658,561.8223055,209.1854287,40.51832881,80.4250602,312.182256,430.5773225,350.0057337,154.4092351,50.39944956,14.60825911,990.4119363,9.588063657,306.9327115,61.19159563,70.49934381,450.2440019,15.08606959,347.0815336,139.0173668,299.6062842
North Lincolnshire,E06000013,1.63843606,169.674,539.0239569,2169.31013,218.6899584,561.6358429,219.6741988,38.99831441,86.62493959,319.0058583,428.9755649,359.2418402,151.478718,47.16692009,13.17231868,990.145809,9.889552907,307.9375744,78.25005599,63.04442637,459.628464,14.49249738,347.837618,130.8509259,318.3811309
York,E06000014,1.661563645,202.821,461.4376485,1856.79522,217.2063051,591.8174154,190.9762796,56.61149486,189.2752723,224.5280321,486.1922582,350.2250753,121.3089374,33.46793478,8.805794272,944.5373014,55.46269864,250.3340384,168.4194437,55.55144684,460.4799306,38.63998304,349.3228019,161.0829253,313.2170732
Derby,E06000015,2.705143216,261.354,543.9272328,2192.632562,250.4074933,585.894993,163.6975137,42.39078032,137.4725468,260.6082172,458.4165538,346.4687742,137.1970584,44.1623239,13.79355204,983.1913803,16.84688201,284.8167619,104.302976,55.49561132,450.8367961,24.94318051,324.6401433,134.036594,310.574929
Leicester,E06000016,2.1976889,368.569,612.2319214,2578.861064,274.2037448,607.7667954,118.0294599,58.57519216,119.6112533,235.8337245,487.6129029,334.8762376,125.2302825,40.01693034,12.26907309,964.1423994,35.863027,290.5263329,80.12068297,49.71931986,425.7655961,34.31650519,329.4905432,144.7327366,275.6335991
Rutland,E06000017,1.583434836,41.05,420.4504612,1725.478036,217.2228989,529.7685749,253.0085262,48.81851401,161.1936663,243.0207065,503.4348356,342.5822168,118.6114495,28.4774665,6.869671133,912.0341048,87.94153471,238.9281364,156.0048721,62.65529842,462.4847747,10.71863581,362.2898904,139.4640682,318.0998782
Nottingham,E06000018,1.965225398,323.627,584.1035713,2404.444787,270.5923795,612.0966421,117.3109784,42.47791439,164.3805987,185.7632398,475.7205054,334.6197938,129.3557089,45.69149051,14.62795131,930.283938,69.73151189,241.4229962,101.7065943,55.06648086,396.502764,45.16310444,375.0799532,132.5785549,265.6175165
"Herefordshire, County of",E06000019,1.566518213,187.039,505.6927256,2023.033145,198.3115821,542.5071776,259.1812403,50.20877999,126.8398569,291.6504045,457.2361914,351.0230487,139.2223012,40.85244254,11.63928379,987.2326092,12.74065837,276.3220505,120.9266517,75.97346008,481.0440603,11.70344153,347.3553644,153.0269088,320.1952534
Telford and Wrekin,E06000020,1.304420476,185.523,540.0601229,2174.197215,245.0693445,578.6506255,176.28003,27.81326305,131.9512944,296.9766552,459.6357325,340.8256658,138.4356657,47.49815387,13.70180517,989.8125839,10.28443913,290.0449001,110.1211171,60.67711281,472.0007762,15.16254049,314.1928494,121.9848752,338.8582548
Stoke-on-Trent,E06000021,2.771165941,258.375,589.057971,2433.433257,249.8732463,578.805999,171.3207547,37.22496372,97.75713595,296.3676826,426.670537,351.5820029,148.1412675,56.29801645,17.28495404,986.3144654,13.6507015,304.3251089,66.41896468,64.9791969,444.2496372,20.08321239,332.5670053,124.6598936,311.0633769
Bath and North East Somerset,E06000022,1.370174658,193.406,459.0536278,1848.612083,230.0083762,575.9955741,193.9960498,50.91879259,199.5801578,210.034849,518.0087484,328.3972576,112.9902899,31.64844938,8.97076616,958.8016918,41.21381963,225.6703515,178.9551513,59.74478558,458.6672595,29.69401156,347.2694746,159.6848081,304.6854803
"Bristol, City of",E06000023,1.195863371,472.462,498.3510577,1993.425911,228.3739221,643.0294923,128.5965855,56.57386202,231.5720629,212.1927266,508.1043555,327.3130961,114.9531603,38.1660324,11.4697055,969.0684119,30.93793787,249.0697665,194.779686,60.97421592,502.4742731,32.2819613,290.0889384,150.2893354,354.5343329
North Somerset,E06000024,1.536495222,216.727,484.8859446,1941.317635,214.8878543,545.7787908,239.3333549,33.16153502,168.2485339,268.6190461,475.7044577,338.7718189,132.8353182,41.05164562,11.63675961,988.7877376,11.20764833,253.0556876,154.4154628,66.40612383,477.1486709,14.89431404,331.882968,152.1037988,321.7734754
South Gloucestershire,E06000025,1.34286885,290.423,460.6226874,1853.989733,227.8538546,585.5493539,186.5967916,28.81658822,198.1489069,277.5744345,497.1885835,341.5948461,119.1193535,32.81076223,9.289897839,981.4305341,18.57290917,255.8440619,180.2508754,72.16370604,508.592639,19.82969668,288.8889654,150.7594096,357.5061204
Plymouth,E06000026,0.782038059,264.693,545.2045707,2198.790787,223.9688998,591.0280967,185.0030035,46.17046919,132.0246474,273.2712992,457.5753798,337.6402096,140.5250611,49.52529912,14.74160631,972.8024542,27.20510176,290.2759045,96.9273838,70.00940712,458.1836316,25.93948461,341.8299691,144.0385654,313.1627961
Torbay,E06000027,1.069449628,139.324,578.7376576,2373.817689,198.0563291,535.0262697,266.9174012,53.4150613,106.6865723,257.5579225,422.3392955,342.3458988,162.0539175,56.65929775,16.60159054,985.3722259,14.62777411,255.9932244,87.24268611,79.79242629,435.5674543,12.1587092,392.2583331,151.9049123,271.101892
Swindon,E06000030,1.358101913,233.414,507.0935303,2028.78246,239.1887376,601.9861705,158.8250919,32.20886494,188.6819128,279.2377492,480.7466562,351.9711757,122.8161121,35.06644846,9.382470632,994.9317522,5.038258202,282.0953328,154.3266471,68.55629911,516.8284679,13.99658975,270.9734635,129.5166528,375.4487734
Peterborough,E06000031,1.465160704,215.676,549.5013782,2219.762618,268.62516,589.5370834,141.8377566,35.53478366,147.2022849,279.8642408,461.5719876,358.7696359,128.5724884,39.79116823,11.2808101,989.7438751,10.23294201,288.7154806,114.7415568,64.69426362,482.112057,14.47541683,280.3835383,130.6218587,337.5248057
Luton,E06000032,2.259621147,225.259,586.9014441,2420.729837,286.3770149,596.5888155,117.0341696,39.75423845,144.6201928,247.3907813,486.7907609,345.6243702,120.1860969,36.23384637,11.17380438,989.7984098,10.21490817,262.6842879,94.10944735,81.46178399,447.7645732,30.99987126,287.8863886,137.7081493,300.5473699
Southend-on-Sea,E06000033,3.359437695,180.685,544.1769631,2193.833833,229.5541965,579.1681656,191.2776379,47.43061128,196.9117525,210.9693666,467.0005811,343.907906,133.359161,43.13030965,12.60757672,988.7207018,11.28483272,235.0001384,153.9862191,71.81005618,477.4275673,13.12781913,319.7498409,142.5298171,318.2665966
Thurrock,E06000034,2.53981602,175.997,543.4412522,2190.298631,271.5046279,592.9589709,135.5364012,24.74473997,183.3213066,274.6524088,507.6791082,333.4659114,115.4735592,33.54602635,9.858122582,996.1931169,3.829610732,278.4933834,119.7804508,90.09244476,498.5994079,19.09691642,257.1123371,130.5760894,357.7731439
Medway,E06000035,2.605702521,279.771,535.1791706,2151.366584,249.8114529,585.5789199,164.6096272,34.0135325,157.3501185,277.2160088,474.8347756,345.7792266,128.344253,39.92908486,11.1269574,986.6069035,13.4002452,258.7652044,123.1936119,92.02168917,486.6051163,15.84510189,293.754535,131.7935025,342.197726
Bracknell Forest,E06000036,1.260032103,124.6,436.2561694,1773.855332,241.7897271,606.7656501,151.4446228,30.14446228,229.0048154,269.29374,528.3226324,341.211878,98.49919743,25.25682183,6.789727127,979.9839486,20.07223114,245.0321027,212.776886,75.10433387,543.4269663,13.55537721,245.0561798,133.0016051,399.8796148
West Berkshire,E06000037,1.381258246,161.447,440.1122146,1786.072185,234.1139817,570.7012208,195.1847975,32.8900506,224.9530806,247.9265641,510.4647346,346.5285821,109.5405923,26.75181329,6.726665717,982.2728202,17.7333738,232.2557867,210.5210998,67.03128581,516.8940891,12.75341134,280.1352766,138.4355237,371.3726486
Reading,E06000038,1.53241312,174.235,487.5522657,1951.418522,240.8069561,638.7752174,120.4178265,57.89881482,254.8569461,192.4412431,511.9292909,344.471547,106.9073378,28.80018366,7.828507476,970.8898901,29.04697678,247.2465349,200.5911556,62.19186731,515.8665021,27.61213304,267.8221942,130.082934,379.9351451
Slough,E06000039,1.974788325,158.498,576.8350374,2363.144609,297.8334111,605.515527,96.65106184,35.82379588,170.109402,252.6971949,516.9844414,339.5374074,106.0202652,29.18017893,8.29032543,996.4100493,3.602569118,260.6026574,126.0331361,78.354301,483.665409,19.29992807,247.410062,132.317127,332.6729675
Windsor and Maidenhead,E06000040,2.03915437,153.495,410.4344116,1696.164124,239.1739145,576.3184469,184.5076387,32.37238998,256.7445194,202.9447213,557.6337991,317.8800612,94.27668654,23.68806802,6.527899932,973.4388742,26.56764064,201.055409,238.2162285,57.82598782,510.563862,11.25118082,283.9180429,130.7664745,366.3311509
Wokingham,E06000041,1.504233827,177.499,385.2582268,1626.69928,251.2802889,576.6173331,172.102378,20.17476155,272.1705474,208.0237072,549.5974625,331.641305,92.23713936,20.70997583,5.819751097,984.1013189,15.92121646,194.4405321,255.5056648,54.09607941,510.5831582,14.73247737,268.0465805,130.6824264,373.3598499
Milton Keynes,E06000042,1.745297972,287.057,487.4891691,1951.178277,261.1571918,600.9468503,137.8959579,25.38868587,215.0374316,254.1516145,510.8253761,337.2013224,110.5041856,32.18524544,9.294321337,992.813274,7.197176867,259.6836168,181.8384502,57.95713047,508.2474909,20.16324284,254.8309221,127.4520391,372.0236747
Brighton and Hove,E06000043,1.461529301,277.107,521.2395285,2088.72716,204.7692768,654.5702563,140.6604669,71.66545775,265.8720278,159.4654772,501.8927707,331.5614546,115.9046866,38.81893998,11.80771327,969.2934498,30.69211532,222.224628,214.7004587,65.74355754,504.2095653,37.54867253,307.6068089,170.5261866,332.1352402
Portsmouth,E06000044,1.706714359,208.002,528.083106,2119.017168,238.2477092,613.7344833,148.0178075,59.7301949,156.3975346,247.5745426,473.5771771,348.2995356,128.5564562,38.46116864,11.11047009,968.07723,31.92757762,272.6127633,116.8979144,80.61460947,469.2551033,37.35541004,314.6219748,146.8014731,323.3238142
Southampton,E06000045,1.373979559,248.912,546.3823797,2204.499903,236.3686765,626.0525808,137.5787427,57.26120075,162.6639134,249.0558912,476.887414,350.9392878,122.5212123,38.31072829,11.38153243,959.2345889,40.80558591,270.075368,121.6574532,83.24227036,474.9991965,33.55000964,312.5,142.4800733,332.4990358
Isle of Wight,E06000046,1.815463477,140.46,558.9502123,2267.317722,184.0666382,523.8929233,292.0404386,52.71251602,110.9639755,239.9117186,398.789691,369.521572,164.2958849,52.58436566,14.80136694,979.0402962,20.95258437,249.401965,91.99772177,70.88850918,427.0183682,10.10963976,414.2460487,155.4321515,256.8560444
County Durham,E06000047,2.583984278,522.062,555.2412879,2248.410144,218.0564761,568.6795821,213.2639418,30.09795771,120.1581421,271.0808295,429.6290479,339.001881,156.3492459,57.78432447,17.24699365,974.5240987,25.48739422,262.9381185,101.5473258,61.16514897,435.2375771,15.82762201,380.1732361,121.3802192,304.274205
Cheshire East,E06000049,2.279503775,398.771,452.1434781,1825.295419,212.1668827,564.0831455,223.7499718,34.98248368,180.0858137,263.5472489,498.418892,333.0909219,121.4506571,36.39432155,10.64019199,988.9560675,11.04644019,256.229766,170.0901018,56.38072979,489.6168478,12.64886363,323.9578605,139.3255778,343.3750197
Cheshire West and Chester,E06000050,2.416351673,357.15,479.517389,1921.293774,214.3245135,573.5909282,212.0845583,35.11969761,163.6903262,270.2421952,488.1674367,332.6613468,126.8178636,40.59638807,11.75696486,985.8238835,14.17611648,267.4394512,148.9122218,57.08525829,479.1572169,17.07125857,330.7573849,140.100798,333.3361333
Shropshire,E06000051,1.665595412,323.608,492.2445354,1969.45197,200.3473338,545.9877383,253.6649279,42.21465477,136.4737584,288.1480062,466.301822,347.1175002,135.7568416,39.5416677,11.27598823,977.3460483,22.64777138,270.710242,128.3188302,71.98215124,479.0085536,12.04852785,350.2231094,147.9876888,323.0235346
Cornwall,E06000052,0.883739199,570.304,538.8987567,2168.721109,203.8596959,543.3996605,252.7406436,43.87659915,119.7361407,276.9435249,457.3964061,335.2334895,145.5101139,47.29407474,14.56766917,986.2248906,13.77686287,255.628577,110.1728201,80.00469925,452.9952446,14.5133122,369.6326871,159.2343732,286.5752301
Isles of Scilly,E06000053,0,2.058,492.5690021,1970.711297,171.5257532,546.6472303,281.8270165,150.1457726,160.8357629,212.8279883,512.1477162,328.9601555,116.6180758,32.06997085,8.260447036,985.4227405,12.14771623,282.3129252,156.462585,102.526725,542.2740525,5.83090379,292.0310982,168.1243926,373.1778426
Wiltshire,E06000054,1.514688362,510.336,465.8477504,1872.125411,221.0739591,560.3857067,218.5403342,41.49031226,180.6123809,267.9705135,495.3657982,340.7715701,121.5552107,33.30158954,8.999952972,976.0981001,23.89602144,256.7818065,168.4517651,69.23085967,501.1992099,12.33501066,307.7168767,146.5779408,347.8904095
Bedford,E06000055,2.586002116,185.228,483.6024016,1936.492352,244.0235817,588.4801434,167.4962749,37.44034379,177.672922,270.9093658,488.1497398,349.6879521,118.4594122,34.31986525,9.366834388,987.2481482,12.73565552,269.7216404,154.2315417,66.59900231,499.8164424,17.44336709,282.3925109,134.0132161,356.5443669
Central Bedfordshire,E06000056,1.97450476,294.251,452.2583103,1825.678087,234.3645391,585.6938464,179.9416145,29.75350976,194.8370609,284.6991174,503.6856289,344.8960241,113.27744,29.96421423,8.180091147,991.6160013,8.387397154,256.8181586,177.2398395,79.37101318,519.9132713,14.63716351,270.0687508,137.3861091,376.0463006
Northumberland,E06000057,2.183644503,320.565,514.8413093,2061.181257,199.6724533,545.9360816,254.3914651,35.3937579,136.7086238,261.7191521,437.6304338,345.9111257,154.2495282,48.80133514,13.41381623,986.0777065,13.92853243,253.5180073,119.8820832,65.75265547,452.9409012,10.62187076,375.1126917,138.5491242,300.6036217
"Bournemouth, Christchurch and Poole",E06000058,2.173956501,400.192,516.9981938,2070.385632,209.1171238,574.9240365,215.9588398,38.45903966,162.9167999,258.5134136,475.3768191,341.143751,131.102071,40.55553334,11.83182073,973.7001239,26.30987126,255.1525268,137.8088518,71.89549016,469.6370742,23.16388134,344.0673477,151.1149648,313.7419039
Dorset,E06000059,1.422632502,379.578,500.927578,2003.717208,191.4283757,512.7826165,295.7890078,40.647772,133.0240425,263.7402589,448.8300165,357.9422411,142.2895953,39.95489728,10.98588432,979.3454837,20.65715084,243.4414007,124.8676161,73.70026714,448.3531712,11.84473283,387.8491377,153.789208,288.220076
Buckinghamshire,E06000060,1.889415836,553.081,428.4339712,1749.579138,241.6626136,570.8187408,187.5186456,28.72635292,223.4880605,237.3594464,531.4140243,331.8935201,103.3808791,26.26197609,7.045984223,986.8283308,13.16624509,223.6905625,202.829242,67.50548292,502.6822473,13.49350276,285.5042932,141.2035488,352.8217386
North Northamptonshire,E06000061,2.792573535,359.525,511.5568508,2047.321171,238.2560323,579.9457618,181.798206,37.81656352,131.8322787,323.2515124,461.8510535,357.8527223,131.4818163,38.15590015,10.65572631,990.4624157,9.537584313,310.7516863,117.2713998,69.45275016,504.0873375,15.1004798,285.1707114,129.8073847,367.6684514
West Northamptonshire,E06000062,0.622466093,425.726,481.6816399,1929.316183,237.3615894,591.9253229,170.7130878,35.1188323,171.8358757,295.6737432,491.999549,350.5212273,116.2296876,32.62896793,8.61821923,984.7390105,15.25864053,289.0709048,147.5878852,70.69570569,510.3893114,21.3635061,275.1112218,134.0181243,373.3387202
Cumberland,E06000063,2.737480054,273.244,518.5447993,2077.036448,204.805961,563.8440368,231.3500022,47.18127388,122.7364553,293.2177834,450.5423724,340.9736353,147.1944489,47.72657405,13.59956669,989.5441437,10.50343283,300.2444701,105.1148424,62.19715712,475.5932427,12.00392323,346.316845,144.2739822,323.275168
Westmorland and Furness,E06000064,2.475870196,226.587,482.1450994,1931.042844,191.0127236,551.6644821,257.3227943,61.46424993,134.4958007,278.290458,463.3805117,348.8020054,135.4755569,41.17623694,11.1877557,984.7652337,15.25683292,287.2539025,121.0351874,71.2529845,483.7700309,12.7765494,351.5691545,157.9084413,321.620393
North Yorkshire,E06000065,1.662098468,615.487,466.8180377,1875.532315,202.4007006,547.6720061,249.9272933,51.55592238,153.736797,266.8683498,476.1627784,347.131621,130.1294747,36.38582131,10.19680351,980.5097427,19.49675623,267.0097013,142.726004,67.17932304,482.1856514,11.85890198,344.6116652,149.5206235,327.3944048
Somerset,E06000066,1.261481935,571.55,500.1039493,2000.415884,210.0043741,541.726883,248.2687429,47.68436707,131.5003062,287.1962208,459.9510104,351.6595224,137.2495845,40.14521914,10.99116438,983.3540373,16.64246348,274.178987,123.1143382,73.43189572,476.8646663,12.71804741,341.3839559,152.0321932,318.6947774
Cambridge,E07000008,0.830610396,145.676,434.9939015,1769.892401,214.3318048,671.6137181,114.0544771,47.07707515,246.7393394,186.9010681,550.502485,321.3089322,95.80850655,25.50179851,6.871413273,867.5553969,132.430874,226.9145226,220.4412532,37.26763503,465.2585189,44.18023559,347.0166671,128.5386749,356.0916005
East Cambridgeshire,E07000009,1.105261958,87.762,465.9283353,1872.407892,225.1885782,567.2272738,207.584148,25.20453043,193.0220369,287.060459,483.3868873,351.2909915,123.9602561,32.57674164,8.785123402,991.3174267,8.682573323,261.1950502,177.8218363,70.25819831,515.462273,11.13238076,287.2997425,143.1029375,366.1721474
Fenland,E07000010,2.020359761,102.457,583.2955267,2399.782254,210.4297413,561.1915242,228.3787345,35.66374186,101.8768849,317.6552115,402.744566,374.8596972,158.6616825,49.4256127,14.35724255,986.3357311,13.71306987,290.0826688,92.36069766,77.31048147,471.8272056,10.24820168,345.9304879,124.8230965,334.960032
Huntingdonshire,E07000011,1.382498673,180.832,464.0418309,1865.817255,218.4624403,579.4715537,202.066006,34.73389666,190.1654574,276.5826845,478.7703504,357.0662272,121.8036631,33.6500177,8.715271633,986.418333,13.58166696,261.507919,176.4068306,67.47699522,511.6461688,12.87382764,295.3625465,133.6710317,371.7207131
South Cambridgeshire,E07000012,1.122652915,162.116,415.8905009,1712.007768,237.3547336,566.4709221,196.1743443,19.31949962,237.9098917,246.6690518,522.0767845,336.1852007,107.4477535,26.60440672,7.685854573,991.8330085,8.179328382,231.5934269,222.3469614,53.51723457,512.1826347,12.43553998,279.5035653,140.3439512,367.1136717
Amber Valley,E07000032,2.4246266,126.205,510.9989694,2044.985465,205.0077255,569.3593756,225.6328989,33.13656353,135.2244364,305.019611,444.2930153,354.4471297,144.9863318,44.47525851,11.82203558,992.0050711,8.002852502,288.8237392,120.6370588,67.30319718,484.5529099,11.66356325,336.286201,140.2480092,336.5239095
Bolsover,E07000033,2.765424717,80.277,572.7574374,2340.590773,211.6421889,586.3946087,201.9632024,33.80794001,100.8881747,335.7624226,417.8780971,342.6759844,161.1918731,60.34106905,17.86314885,991.9154926,8.022223053,317.8369894,85.75307996,71.01660501,481.4205812,12.5316093,331.664113,132.4663353,342.1403391
Chesterfield,E07000034,1.998667555,103.569,552.8736111,2236.504095,206.7027779,577.1900858,216.1071363,36.86431268,131.8058492,286.5625815,414.8828317,347.9322963,164.7404146,56.71581265,15.72864467,991.0880669,8.911933107,287.6439861,104.007956,67.29812975,469.3875581,12.2527011,348.7626606,144.6282189,314.3121977
Derbyshire Dales,E07000035,2.334488929,71.536,470.6665841,1889.168471,184.8579736,535.3248714,279.817155,37.11418027,165.9583986,257.2970253,475.355066,344.9731604,133.9884813,35.42272422,10.31648401,984.525274,15.53064191,236.7479311,159.0248267,68.70666518,470.2387609,10.26056811,373.0709014,161.9324536,302.5609483
Erewash,E07000036,2.559742077,112.902,519.6288791,2081.72381,211.4400099,580.5565889,208.0034012,34.98609413,144.6032843,302.9795752,443.3313847,353.5721245,146.6050203,44.46333989,12.06355955,993.1533542,6.88207472,297.3463712,120.5204514,68.98903474,496.6431064,12.45327806,319.2857522,139.3420843,347.513773
High Peak,E07000037,2.617397998,90.93,479.4957324,1921.213835,206.0706038,575.7835698,218.1458265,49.49961509,160.0241944,277.2792258,476.2014737,341.8343781,132.0466293,38.87605851,11.07445288,992.7856593,7.247333113,278.9728362,142.6701859,68.99813043,499.4061366,11.76729352,320.917189,153.7556362,336.8855163
North East Derbyshire,E07000038,2.666666667,102,530.0193533,2127.747189,201.2254902,550.4509804,248.3235294,22,128.8333333,302,435.1078431,343.7254902,156.3235294,50.64705882,14.20588235,993.0490196,6.960784314,273.2941176,113.4901961,69.71568627,463.5784314,11.62745098,360.8235294,143.745098,312.754902
South Derbyshire,E07000039,2.220087124,107.203,457.4150622,1843.029414,229.5178307,584.5172243,185.964945,23.83328825,149.7625999,325.4386538,481.9734522,344.7291587,127.2539015,35.94115836,10.14896971,987.6682556,12.35040064,301.0176954,139.016632,62.79675009,507.7190004,13.7869276,289.6280888,133.5596952,369.2807104
East Devon,E07000040,1.20009813,150.821,492.6034617,1970.845137,192.4798271,507.6547696,299.8654034,38.82748424,143.1763481,255.9656812,463.9473283,350.6209348,136.9172728,38.4429224,10.11132402,983.7423171,16.30409558,239.7676716,130.9963467,71.6611082,448.0079034,10.74120978,385.8812765,156.1718859,286.2532406
Exeter,E07000041,0.872146398,130.712,501.8266925,2007.333563,229.2750474,604.5045596,166.2203929,73.46685844,167.4674093,211.5873064,508.7367648,329.380623,115.9189669,35.68914866,10.25154538,925.2402228,74.736826,257.3749923,139.887692,59.46661362,446.0187282,37.9154171,367.7933166,151.5010099,305.2282881
Mid Devon,E07000042,0.832850521,82.848,508.8393759,2035.99383,218.0499228,541.883932,240.0661452,43.53756277,153.9807841,284.050309,471.6227308,348.4212051,132.2180379,37.23686752,10.54943994,991.9853225,8.062958671,264.6050599,144.3969679,77.21369255,490.7300116,12.04615682,320.454326,161.3195249,324.8961954
North Devon,E07000043,0.557764076,98.608,520.6843068,2086.307655,206.3017199,535.5650657,258.1332143,59.16355671,123.1137433,271.3978582,467.8626481,336.220185,138.9846666,44.13435015,12.82857375,984.8693818,15.1610417,270.9922116,111.1167451,75.91676132,466.4226026,11.61163394,355.5086808,164.7837904,293.2216453
South Hams,E07000044,0.507740218,88.628,470.1156731,1887.204337,191.7001399,525.3080291,282.991831,40.63050052,159.8479036,251.7263167,490.8042605,331.7800244,127.4089453,38.50927472,11.48621203,989.7210814,10.26763551,225.4366566,151.7691926,80.70812836,462.4949226,11.54262761,371.835086,172.9476012,284.9776594
Teignbridge,E07000045,0.77890286,134.805,505.8157024,2023.536573,194.8295686,534.8763028,270.2941286,37.18704796,143.2587812,276.1396091,455.665591,349.0449167,141.1371982,42.57260487,11.56485294,984.3774341,15.60772968,255.6359185,129.7948889,75.50165053,467.1488446,11.5871073,362.931642,159.9792293,300.9606469
Torridge,E07000046,0.645900003,68.122,538.6913556,2167.746068,191.1276827,525.1901001,283.6822172,40.310032,124.8201756,272.0266581,438.2137929,348.0960629,153.4452893,47.2094184,12.91800006,988.2857227,11.59684096,245.6181557,114.148146,81.41275946,451.3666657,9.835295499,383.752679,164.0586007,277.1057808
West Devon,E07000047,0.525458463,57.093,506.970747,2028.277215,192.4754348,522.5509257,284.9736395,41.21345874,146.4978193,251.5544813,455.5199411,346.8376158,144.2558632,41.68637136,11.75275428,974.725448,25.32709789,226.8754488,139.6493441,78.10064281,451.1060901,9.843588531,386.1243935,159.0737919,285.5341285
Eastbourne,E07000061,3.107636328,101.685,567.9580784,2314.590206,210.1588238,544.8099523,245.0312239,51.97423415,130.7764174,243.3888971,432.2761469,352.5003688,152.4610316,48.64040911,14.16138073,980.174067,19.83576732,257.6486207,99.57220829,73.82603137,443.5167429,16.30525643,371.893593,146.5604563,284.4864041
Hastings,E07000062,2.637188757,91.006,579.5550062,2378.43241,219.2163154,578.4014241,202.3822605,49.38135947,152.4514867,241.8082324,421.8952597,350.1307606,155.1765818,55.2161396,17.44939894,984.9570358,14.92209305,244.1377492,120.244819,85.02736083,468.4086764,12.57059974,339.867701,156.143551,293.2553898
Lewes,E07000063,2.662342862,99.912,520.8295184,2086.939906,208.0630955,527.0237809,264.9131235,33.54952358,189.3065898,218.3721675,455.7310433,347.6259108,141.6846825,43.00784691,11.8804548,984.8967091,15.03322924,214.5688206,157.2683962,73.6047722,455.6509729,12.76122988,364.5307871,158.629594,286.8324125
Rother,E07000064,3.748214497,93.111,542.7533134,2187.003273,182.781841,492.9707553,324.2474036,30.07163493,146.8247575,226.0098162,422.7427479,360.9347983,156.3832415,46.87953088,13.04894159,980.6360151,19.33176531,197.3773238,132.1648355,77.86405473,418.7260367,9.945119266,425.0303401,146.3307235,261.0754905
Wealden,E07000065,2.335368976,160.146,475.1629678,1905.353355,204.5820689,530.1037803,265.3141508,24.90852097,176.0518527,260.481061,482.1725176,347.4017459,126.1911006,35.13668777,9.122925331,985.488242,14.54922383,219.8493874,162.6203589,82.98677457,472.4563836,11.50200442,350.5800957,158.8987549,306.5702546
Basildon,E07000066,2.958800699,187.576,538.297343,2165.896134,250.0106623,579.9409306,170.048407,29.30012368,189.5018552,250.5224549,484.6782104,342.1813025,122.7342517,38.53904551,11.84053397,995.7723803,4.200963876,244.9780356,145.1411694,84.41911545,487.2051862,13.77041839,291.5671514,133.471233,341.0617563
Braintree,E07000067,2.589088473,155.267,500.0923304,2000.36939,225.373067,570.1533487,204.4735842,33.75475793,159.9696008,293.1852873,472.5730516,356.4569419,126.5883929,34.97845647,9.409597661,992.0652811,7.941159422,262.7087533,141.2598942,87.33987261,501.130311,13.04205015,300.9847553,147.9065094,343.4020107
Brentwood,E07000068,2.907391784,77.045,445.4579185,1803.289657,223.8172497,574.5603219,201.6224285,23.54468168,264.0534752,199.3769875,539.7884353,316.8667662,105.6655202,28.73645272,8.968784477,991.9008372,8.125121682,204.8543059,217.846713,69.24524628,502.1351158,10.63015121,303.1994289,134.830294,357.1289506
Castle Point,E07000069,4.07406994,89.591,561.6892669,2281.486454,210.0545814,537.6767756,252.2686431,23.90865154,162.9962831,265.7409784,456.7981159,350.9057829,137.5584601,42.49310757,12.19988615,995.1111161,4.844236586,231.8982934,130.2809434,95.5229878,466.7098258,12.17756248,351.6089786,141.4204552,316.2817694
Chelmsford,E07000070,2.280652465,181.527,454.3055316,1832.52728,228.0432112,578.2831204,193.6736684,34.30894578,219.9452423,236.455183,515.6863717,338.1755882,110.1378858,28.03439709,7.943721871,986.5584734,13.41949132,234.0918982,190.1755662,70.76082346,501.2642747,15.7056526,296.8869645,142.325935,352.7078616
Colchester,E07000071,1.821332946,192.716,486.3756116,1946.948047,236.0935262,585.8724756,178.0339982,41.52742896,173.8101663,257.7679072,491.7962183,347.469852,118.9107287,32.59200066,9.226011333,973.5413769,26.45343407,257.2593869,146.1476992,74.05716183,479.4723842,26.42748916,305.356068,147.699205,329.7702318
Epping Forest,E07000072,2.83743638,134.981,488.8831864,1956.49991,226.2540654,579.1333595,194.6125751,20.77329402,242.7749091,218.1047703,518.0284633,328.6536624,112.3343285,31.21920863,9.756928753,992.428564,7.56402753,216.1193057,186.4780969,84.84897875,501.5224365,11.36456242,301.5387351,145.4575088,341.9888725
Harlow,E07000073,2.014271327,93.334,570.6889265,2329.313315,259.4660038,594.6600381,145.873958,45.48181799,139.4990036,301.9692716,477.414447,343.9904001,127.638374,39.20329141,11.68920222,996.1214563,3.824972679,299.2050057,103.1885487,90.27792659,506.5678102,16.5641674,260.0981422,138.0311569,354.6188956
Maldon,E07000074,2.099444176,66.208,503.8709677,2015.604681,203.4346303,546.5955776,249.9697922,28.66723055,162.8353069,275.9485259,466.7562832,354.4737796,131.0566699,37.56343644,10.14983084,992.6141856,7.385814403,234.3976559,147.8522233,89.85318995,481.4674964,10.63315611,345.0489367,152.5344369,319.5535283
Rochford,E07000075,3.128392497,85.667,505.8919481,2023.848825,215.5555815,550.9589457,233.4854728,20.43960918,201.6529119,247.7616819,488.7062696,345.1854273,123.5948498,33.11660266,9.326811958,996.5214143,3.408547048,220.4933055,171.1160657,82.99578601,483.803565,12.12835748,329.5084455,145.458578,329.1465792
Tendring,E07000076,3.884359384,148.287,616.6345441,2608.477067,194.6360773,509.5254473,295.8384754,33.01705477,103.9673066,251.7348115,394.4513005,356.1944068,171.6940797,59.95805431,17.73587705,988.8661852,11.16078955,223.4990255,89.83929812,79.69006049,408.7951068,10.20318706,423.2198372,135.9390911,257.0892931
Uttlesford,E07000077,1.412305671,91.34,419.5686879,1722.856743,237.0702868,561.15612,201.7735932,26.85570396,213.6522882,255.7587037,539.9934311,327.3264725,100.5036129,25.19159185,6.99583972,990.5079921,9.502955989,227.3045763,197.1863368,76.29735056,508.8570177,10.84957302,285.1872126,154.3463981,346.4309175
Cheltenham,E07000078,1.817676908,118.833,438.4014821,1780.63148,217.3638636,590.0717814,192.564355,61.59905077,200.440955,231.812712,506.9046477,336.0346032,116.768911,31.09405636,9.231442444,970.1261434,29.8991021,254.1297451,182.7017748,60.97632812,500.2566627,20.41520453,307.6838925,152.769012,345.0472512
Cotswold,E07000079,1.464209437,90.834,429.8839816,1754.028948,197.9875377,541.4822644,260.5301979,42.26390999,194.6738006,243.8734395,504.00731,341.7332717,116.2450184,29.70253429,8.289847414,988.2643063,11.7136755,225.7634806,189.664663,69.87471652,490.5982341,11.98890283,337.5718343,156.1970187,329.0618051
Forest of Dean,E07000080,1.287267545,87.006,519.0907381,2079.394346,208.5833161,540.732823,250.6838609,26.27405007,136.2779578,293.1521964,448.130014,355.2398685,142.001701,42.08905133,12.51637818,977.9785302,21.99848286,249.8448383,129.0715583,80.68409075,468.4274648,11.73482289,359.3890077,148.794336,310.8291382
Gloucester,E07000081,1.842775038,132.409,510.6214016,2043.407708,238.5638438,594.4082351,167.0279211,44.62687582,144.4161651,302.8192948,467.3549381,352.9669433,130.3461245,39.06078892,10.32407163,986.4963862,13.5564803,303.7482346,120.1428906,71.68696992,500.8345354,19.94577408,286.861165,147.3766889,348.216511
Stroud,E07000082,1.42853604,121.103,448.413456,1812.95213,213.3968605,553.4957846,233.1073549,30.19743524,180.5900762,280.1829847,486.3050461,347.2911489,124.8936855,33.14533909,8.35652296,989.9341883,10.07406918,250.0350941,172.9271777,71.79012906,499.6325442,12.64213108,315.0954146,163.7201391,331.0570341
Tewkesbury,E07000083,1.854818312,94.888,449.2438494,1815.685579,222.1250316,555.3916196,222.4833488,26.23092488,176.070736,284.4300649,497.807942,342.9411517,119.9835596,31.15251665,8.072675154,993.5081359,6.449709131,262.7202597,163.687716,63.8963831,496.5749094,11.66638563,306.9618919,145.3503077,344.9329736
Basingstoke and Deane,E07000084,1.550111262,185.148,449.6372841,1816.983547,229.0924018,598.0188822,172.8887161,38.00203081,227.0183853,254.5315099,501.1882386,349.795839,112.2129324,29.26847711,7.583122691,993.1406226,6.89178387,253.0462117,205.5490743,65.16408495,532.6927647,13.40009074,263.0274159,130.3443732,393.4149977
East Hampshire,E07000085,1.558759673,125.741,430.0997762,1754.693117,216.4846788,552.4053411,231.10998,29.5050938,194.1451078,263.0406948,507.6148591,343.0782322,113.5111062,28.62232685,7.197334203,987.0368456,12.98701299,230.6487144,184.0370285,76.27583684,497.1409485,12.75638018,315.8397022,150.1419585,340.8037156
Eastleigh,E07000086,1.297216481,136.446,448.4206458,1812.975762,230.4721282,574.3371004,195.1907714,28.04039693,189.1370945,287.7695205,498.2264046,347.3901763,116.5003005,29.96057048,7.900561394,992.7590402,7.218973074,251.8578778,175.1095672,82.50883133,514.3353415,14.89966727,279.3632646,150.1619688,359.3216364
Fareham,E07000087,2.305616447,114.503,453.812784,1830.87405,203.505585,551.0947311,245.3996839,24.81157699,179.1743448,276.4818389,481.9524379,353.8684576,123.926884,32.29609705,8.043457377,984.2711545,15.7987127,246.8494275,167.7335965,71.26450835,489.72516,14.13063413,331.3712304,142.7036846,343.1438478
Gosport,E07000088,1.903483619,81.955,540.0311787,2174.060401,220.3160271,565.9813312,213.7026417,35.06802514,127.4845952,299.0177536,433.2133488,363.9680312,148.0568605,43.76792142,10.95723263,986.3461656,13.61722897,282.1060338,108.1691172,79.29961564,481.2763102,13.72704533,325.1174425,136.9043988,332.6947715
Hart,E07000089,1.508917704,99.409,393.1538385,1647.864094,236.8598417,566.226398,196.9137603,25.48059029,237.2320414,240.5918981,548.7933688,328.9842972,93.99551348,21.89942561,6.317335453,982.2350089,17.75493165,218.8936615,227.1323522,61.42300999,513.4846945,13.74121055,280.8095846,138.136386,369.3126377
Havant,E07000090,2.383118504,124.207,544.6453563,2196.090484,211.37295,545.3235325,243.3035175,25.88420942,137.0132118,286.4331318,443.0346116,355.7367942,145.1045432,43.77370036,12.3584017,991.0794078,8.928643313,251.0325505,116.0401588,86.75034418,463.5407022,14.29065995,350.3506244,144.1786695,309.644384
New Forest,E07000091,1.723765204,175.778,485.5091148,1943.66903,190.7917942,515.4228629,293.7853429,27.11943474,143.8519041,271.9623616,461.2351944,355.1354549,135.7735325,37.17188727,10.72375383,986.3919262,13.64789678,237.7544403,136.308298,73.67247323,453.0999329,12.12893536,380.963488,152.1692134,295.565998
Rushmoor,E07000092,2.195312657,99.758,489.0850804,1957.273044,229.7459853,618.5869805,151.6670342,38.44303214,182.8525031,304.5069067,495.4790593,348.9845426,117.9755007,29.72192706,7.818921791,985.4447764,14.53517512,300.0461116,153.3811825,77.95865996,541.6708434,15.15667916,253.8543275,132.8114036,398.6246717
Test Valley,E07000093,1.693642327,130.488,443.2156762,1796.027577,219.9129422,568.0292441,212.0578137,34.70050886,193.2668138,272.5231439,503.4639201,343.6484581,114.3783336,30.33229109,8.207651278,987.5544111,12.47624303,243.8844951,182.8214089,78.03016369,509.2345656,13.19661578,295.6746981,142.3425909,362.4088039
Winchester,E07000094,1.490804093,127.448,416.9389926,1715.086393,238.0029502,553.4414036,208.5556462,41.77389994,218.5911117,210.807545,532.3739878,329.4598581,103.8541209,27.19540518,7.077396271,955.7152721,44.25334254,212.5415856,205.9585086,56.78394326,472.0827318,24.50411148,325.316992,148.5233193,326.7528718
Broxbourne,E07000095,2.171607495,99.005,535.1066499,2151.030983,241.2201404,584.6573405,174.1225191,27.10974193,193.050856,262.0978738,501.2878137,337.5789102,117.3779102,33.87707692,9.898489975,997.7071865,2.333215494,253.3609414,143.6089086,90.94490177,500.2272612,14.58512196,287.5410333,143.9018231,344.0129286
Dacorum,E07000096,2.005390697,155.082,460.7172144,1854.314706,241.8978347,584.2393057,173.8628596,34.04005623,216.5177132,242.7554455,519.7508415,330.6057441,110.7220696,30.84819644,8.066700197,985.6140622,14.37948956,226.9251106,194.9033415,75.95981481,506.7899563,14.16669891,277.221083,144.4010266,353.3936885
Hertsmere,E07000098,2.949305337,107.822,481.2567359,1927.735875,244.3749884,578.1473169,177.4776947,27.58249708,242.4180594,213.9637551,534.6960732,318.9330563,107.6032721,29.72491699,9.098328727,990.6327095,9.41366326,220.836193,195.2384486,73.26890616,500.2318636,14.74652668,284.4224741,148.9584686,340.4221773
North Hertfordshire,E07000099,2.237052496,133.211,449.4994007,1816.528449,229.9434731,576.1235934,193.9329335,34.28395553,239.2219862,227.150911,505.8516189,340.189624,115.3283137,30.69566327,7.927273273,992.0201785,7.972314599,227.3986383,215.3650975,61.40634032,512.2099526,13.35475299,283.2498818,141.5573789,362.5901765
Three Rivers,E07000102,2.442041504,93.774,446.7173087,1807.394332,244.0868471,574.9888029,180.92435,20.77334869,245.8357327,229.8398277,536.7159341,323.7251264,104.3786124,27.5769403,7.571395056,992.6312197,7.336788449,218.5147269,209.0984708,73.03730245,510.4080022,13.11664214,276.2919359,143.7711946,356.8793056
Watford,E07000103,2.317984429,102.244,494.0193802,1976.360281,250.5379289,623.4204452,126.0416259,60.45342514,227.5439146,223.2893862,523.8351395,335.2470561,103.6833457,28.90145143,8.352568366,993.0558272,6.963733813,260.4553812,175.0616173,81.4717734,528.4808889,18.65146121,244.728297,139.9299714,377.0588005
Ashford,E07000105,2.613896589,132.752,500.1399698,2000.560036,239.4615524,564.6845245,195.8539231,34.14637821,166.5436302,273.8037845,484.6179342,344.8460287,124.6760877,35.7659395,10.05634567,992.6856093,7.276726528,256.6439677,144.0279619,78.52989032,488.3466916,13.94329276,301.9916837,140.0506207,339.1511992
Canterbury,E07000106,2.864747096,157.431,527.0566842,2114.418296,225.6861736,556.7327909,217.5810355,45.39766628,151.6156284,218.8895453,470.2631629,346.7995503,131.8799982,39.53478032,11.5098043,941.3520844,58.65426758,227.78233,127.7321493,64.74582516,414.0544111,39.50302037,389.8469806,146.4959252,273.7770833
Dartford,E07000107,2.440988043,116.756,478.160014,1916.296234,263.8836548,598.7358251,137.3805201,27.93860701,219.4491075,251.4474631,523.5533934,331.2891843,107.5405118,29.03491041,8.556305458,993.72195,6.252355339,262.3848025,156.0262428,85.40032204,516.0676967,13.47254103,247.2763712,129.5436637,374.2591387
Dover,E07000108,2.912196002,116.407,548.5192,2214.933614,213.9647959,546.3674865,239.6677176,38.3310282,126.5473726,267.2691505,442.0266822,349.7298272,146.3485873,48.20156863,13.71910624,982.6127295,17.41304217,252.5191784,105.5864338,79.37666979,452.4470178,11.28798096,362.1173984,138.8576288,298.6246532
Gravesham,E07000109,2.759614215,106.899,548.5811523,2215.23759,252.9677546,574.7761906,172.2560548,30.53349423,166.3907052,263.2110684,486.562082,340.6580043,124.3323137,38.24170479,10.21524991,995.2104323,4.798922347,254.1557919,121.9562391,89.39279133,481.5573579,14.34999392,295.0822739,133.8366121,331.6588556
Maidstone,E07000110,2.264219641,175.778,484.559536,1940.088274,230.8764464,578.4114053,190.7121483,37.72371969,176.5181081,272.2468113,497.7528473,340.0937546,119.5712774,33.17821343,9.426663177,986.7958448,13.22691122,251.9484805,152.7039789,86.92782942,500.955751,12.54992092,295.1051895,138.0491302,353.5311586
Sevenoaks,E07000111,2.281854691,120.516,453.2675005,1829.048028,239.8602675,544.9898769,215.1498556,24.55275648,228.8741744,210.2127518,526.1542036,323.0359454,111.2466395,30.36941153,9.18550234,990.7481164,9.23528826,198.4383816,197.2767101,72.14809652,477.3391085,9.965481762,314.2736234,139.5250423,328.313253
Folkestone and Hythe,E07000112,3.316507827,109.754,555.7739253,2251.10604,203.2272172,546.8775625,249.8952202,39.73431492,148.6779525,242.3146309,431.9113654,350.1649143,153.0787033,50.28518323,14.60539024,982.7614483,17.27499681,233.8320243,125.4623977,76.35257029,450.1612697,12.37312535,371.6493249,138.1270842,297.5563533
Swale,E07000113,2.643758488,151.678,556.7990214,2256.312707,237.7470694,571.6386028,190.6143277,37.74443228,135.5041601,278.5044634,454.6934954,347.6970952,140.6795976,44.0934084,12.83640343,980.2080724,19.77874181,256.2863434,115.9495774,83.99372355,470.6813117,11.37277654,322.2682261,128.69368,327.5557431
Thanet,E07000114,3.186684212,140.585,588.488746,2430.067198,218.7004303,544.7522851,236.5472846,41.16370879,132.0553402,243.2336309,419.6749298,350.4072269,157.5417008,55.64605043,16.74431838,987.72273,12.29149625,242.2022264,102.4860405,76.33104528,437.9699114,12.55468222,370.4235872,143.3865633,277.639862
Tonbridge and Malling,E07000115,1.845744198,132.196,460.8866076,1854.897344,245.6730915,562.9065932,191.4203153,28.07195377,202.7973615,252.3676965,513.6010167,333.232473,113.1577355,31.49868377,8.547913704,991.5882478,8.449574874,232.117462,180.1264789,75.12330176,495.0149778,11.74014342,291.4989864,140.1630912,347.1890224
Tunbridge Wells,E07000116,1.812489702,115.311,447.4835659,1809.900916,241.9977279,563.9878242,194.0144479,42.10352872,228.8420012,209.7458178,527.555914,325.3115488,109.1483033,29.61556139,8.368672546,983.2539827,16.74601729,215.1746147,204.9500915,64.6425753,494.8530496,10.59742783,295.8781036,144.4181388,340.3404706
Burnley,E07000117,3.063952076,94.649,591.0664125,2445.384851,250.1981003,571.2474511,178.5544485,46.8467707,102.6846559,269.4798677,450.5911314,333.5481622,145.8863802,53.59803062,16.33403417,990.4700525,9.498251434,289.9977813,71.18934167,61.80730911,436.8667392,14.64357785,343.0041522,125.2416824,297.7316189
Chorley,E07000118,1.919630344,117.731,474.5870901,1903.264996,219.9420713,575.201094,204.8568346,29.45698244,154.2839184,298.5959518,486.9745437,332.1894828,129.0908936,40.21880388,11.53476994,977.0748571,22.93363685,277.2676695,140.8295181,68.11290144,490.4655528,15.00879123,313.0866127,133.7285847,352.4984923
Fylde,E07000119,3.12115999,81.38,491.8625678,1967.97153,184.4310641,537.2941755,278.2747604,30.67092652,153.8830179,249.1644139,459.9041534,336.9501106,145.1830917,44.74072254,13.14819366,980.3514377,19.57483411,240.4644876,139.6043254,58.81051855,445.0602114,13.76259523,392.1356599,136.0899484,302.7770951
Hyndburn,E07000120,2.565786274,82.236,575.5676919,2356.088311,249.1731115,568.3520599,182.4748285,36.2006907,103.2759375,289.155601,439.2358578,343.0371127,147.7333528,53.34646627,16.62289022,990.7947857,9.180894012,289.1191206,76.71822559,67.39141009,444.6471132,15.52847901,337.9055402,121.5647648,311.6883117
Lancaster,E07000121,1.993955167,142.932,516.0639557,2066.388755,227.1009991,567.570593,205.3284079,47.35818431,128.2008228,256.5485686,464.9343744,341.8198864,137.2610752,43.47521899,12.52343772,942.4341645,57.57982817,264.2725212,107.9534324,64.35227941,432.198528,28.02031735,376.8085523,149.2737805,287.2974561
Pendle,E07000122,2.715319624,95.753,574.9487732,2352.657602,261.4957234,558.4263678,180.0779088,44.86543503,101.4694057,263.3024553,467.3691686,336.8562865,137.666705,44.76099966,13.41994507,994.4127077,5.629066452,269.986319,77.91922968,65.89871858,424.2791349,14.47474231,346.8507514,133.6981609,280.1061063
Preston,E07000123,2.103696689,147.835,533.8634724,2145.294224,251.3951365,601.1025806,147.502283,43.31180032,150.2553523,252.7885819,484.2222748,330.8959313,129.1372138,43.14945717,12.59512294,959.0218825,40.9781175,278.892008,112.3820476,59.45817973,444.1708662,37.38627524,321.1621064,143.3557683,307.376467
Ribble Valley,E07000124,2.355502128,61.558,414.0277414,1706.565431,204.7824816,553.9491212,241.2683973,35.73865298,154.0498392,299.7173397,525.6830956,321.0630625,115.6145424,30.1341824,7.553851652,983.8201371,16.22859742,286.1853861,146.2848046,61.16183112,494.1031223,13.56444329,328.3732415,141.0052308,352.5943013
Rossendale,E07000125,2.34211863,70.876,520.1073263,2083.799264,232.9843671,574.270557,192.7450759,29.06484565,132.6401038,301.2303177,469.9757323,332.355099,136.4777922,48.39437892,12.75467013,989.06541,10.86404425,283.3116993,113.3811163,70.50341441,476.1978667,13.10739884,319.1630453,132.2168294,335.0217281
South Ribble,E07000126,2.026260334,111.042,475.9817239,1908.330388,216.1164244,567.4609607,216.4226149,26.15226671,156.1211073,306.6677473,478.8458421,340.6188649,130.8964176,38.88618721,10.68964896,992.8765692,7.060391564,284.5229733,141.6671169,66.51537256,495.3531096,15.750797,312.890618,132.3012914,360.4041714
West Lancashire,E07000127,2.222657481,117.427,512.929347,2053.090232,227.4008533,553.5694517,219.029695,33.24618699,134.6538701,283.6400487,480.8093539,331.4229266,131.179371,43.55046114,13.06343516,960.750083,39.26694883,275.924617,114.9394943,65.13834127,452.0340297,29.31182777,356.0595093,139.0395735,316.9543631
Wyre,E07000128,3.03709725,111.949,539.7403825,2172.68681,197.3934559,525.6768707,276.9296733,27.14628983,127.4598255,267.2020295,443.2643436,332.7497343,154.7669028,52.7204352,16.47178626,985.2700783,14.70312374,245.7101001,111.4704017,70.11228327,434.4835595,14.89070916,393.4380834,137.5983707,289.6944144
Blaby,E07000129,2.020731932,102.933,463.722842,1864.707428,227.2934822,567.9325386,204.7739792,21.18854012,163.931878,311.0275616,490.3480905,344.8456763,122.7594649,32.33171092,9.647051966,995.9099608,4.02203375,273.158268,150.8359807,75.80659264,506.1350587,13.72737606,292.9575549,141.4803804,358.3204609
Charnwood,E07000130,1.755644697,183.978,470.4750288,1888.485066,232.0114361,579.7323593,188.2562045,34.10190349,153.8716586,269.1028275,490.57496,345.7859092,121.4493037,32.88980204,9.261976976,952.49432,47.467632,262.66184,139.3536184,58.90921741,459.7723641,24.89971627,347.492635,139.0655404,321.8536999
Harborough,E07000131,1.546639899,97.631,421.2258432,1727.789654,219.1517039,560.6518421,220.196454,31.31177597,186.8566337,277.7703803,515.0208438,335.1087257,112.8330141,29.19154777,7.804898034,986.3158218,13.62272229,256.9368336,178.9800371,63.62733148,502.2380187,13.12083252,308.4266268,146.5415698,353.0026324
Hinckley and Bosworth,E07000132,1.821541711,113.64,485.8731924,1945.045435,211.8268215,564.5899331,223.5832453,30.10383668,155.5438226,302.3935234,465.6195002,355.4558254,131.7053854,36.64202746,10.57726153,993.1098205,6.907778951,276.3023583,146.656107,68.82259768,498.0816614,11.8092221,316.5434706,137.1172122,354.6638508
Melton,E07000133,1.758420127,51.751,469.4428464,1884.811077,208.3631234,556.7621882,234.8746884,45.42907383,147.3981179,295.3952581,478.2129814,351.4134993,130.5675253,31.34238952,8.482927866,992.67647,7.342853278,281.4631601,140.3064675,70.29815849,497.2657533,12.27029429,320.3609592,149.2338312,342.8146316
North West Leicestershire,E07000134,2.015166275,104.706,484.6241078,1940.331349,217.9531259,581.45665,200.5902241,27.90671022,150.8127519,313.8406586,469.6961015,351.8996046,130.345921,37.39995798,10.65841499,995.6640498,4.335950184,286.3828243,142.0548966,67.78981147,502.9511203,12.78818788,307.1839245,133.0391764,363.2170076
Oadby and Wigston,E07000135,2.787733971,57.753,508.7773602,2035.73679,243.7622288,543.2098765,213.0278947,27.42714664,147.3516527,270.8950184,460.0280505,359.1848043,132.6511177,37.57380569,10.45833117,968.0882378,31.80787145,263.189791,129.465136,57.34767025,459.0410888,16.10305958,342.3025644,139.1962322,310.806365
Boston,E07000136,2.226855595,70.503,591.4161339,2447.477942,224.983334,570.6849354,204.3317306,38.97706481,61.71368594,371.5870247,421.9253081,370.4523212,149.6106549,45.28885296,12.70867906,988.9933762,10.99244004,350.5240912,50.46593762,76.02513368,487.2700452,12.850517,316.6390083,133.0581677,343.9569947
East Lindsey,E07000137,2.241868833,142.292,602.2330667,2514.03502,181.3102634,514.161021,304.5287156,43.73401175,83.40595395,258.8971973,379.0374722,356.9631462,182.3644337,63.032356,18.63070306,983.3722205,16.6558907,245.3616507,77.25662722,67.9729008,406.3475108,8.911252917,438.0569533,135.7419953,254.8421556
Lincoln,E07000138,1.579763613,103.813,548.4637463,2214.661595,237.1571961,618.2944333,144.5483706,66.24411201,114.2149827,264.3792203,438.211014,368.0945546,139.1347904,42.97149683,11.58814407,930.1243582,69.87564178,294.3273,91.03869458,64.65471569,441.6691551,45.6493888,351.3432807,144.567636,305.4530743
North Kesteven,E07000139,1.651492695,118.075,477.3186374,1913.211512,209.0535676,557.1120051,233.8344273,29.37963159,138.4289646,309.6337074,462.824476,354.2240102,134.4230362,38.18759263,10.33241584,982.8498835,17.15011645,280.7368198,130.4763921,70.61613381,486.2417955,13.25428753,330.6288376,134.5161973,347.3131484
South Holland,E07000140,1.860826964,95.119,559.565634,2270.485859,206.2048592,555.2097898,238.585351,31.49738748,89.61406239,350.1193242,414.0707955,377.2432427,151.9254828,44.87011007,11.92190835,991.831285,8.200254418,318.5798841,83.67413451,73.29765872,485.8650743,10.45006781,334.2024201,123.4348553,352.1168221
South Kesteven,E07000141,1.889818689,143.4,483.0548926,1934.441367,216.9037657,552.1687587,230.9274756,44.75592748,144.0725244,282.7475593,460.0627615,356.8758717,135.4114365,38.0474198,9.630404463,991.5341702,8.493723849,272.1827057,135.4811715,67.87308229,484.707113,11.70153417,326.5411437,137.9846583,337.5592748
West Lindsey,E07000142,1.692029595,95.152,507.533179,2030.593651,206.5747436,541.3759038,252.0493526,32.2011098,121.1535228,285.5956785,438.172608,359.2252396,146.5865142,44.42365899,11.60248865,988.2293593,11.81267866,259.384984,115.0790314,68.36430133,452.7492854,11.33975114,367.4226501,136.5604506,306.2678662
Breckland,E07000143,2.085129844,141.478,545.1201935,2198.382926,203.8267434,546.6574308,249.5158258,39.40541992,109.8757404,309.6523841,425.5643987,370.4886979,149.3589109,43.17985835,11.40106589,982.9796859,17.00617764,283.676614,101.8108823,78.45742801,472.4904225,11.25970115,349.2769194,141.2304387,322.7144856
Broadland,E07000144,2.345849592,131.722,490.1227514,1961.256367,199.3288896,542.0203155,258.6507949,20.62677457,155.7674496,293.5424606,450.7447503,364.3810449,138.9593234,36.51629948,9.390990116,990.0168537,9.975554577,253.4732239,143.7421236,77.94445878,479.8666889,12.28344544,346.7757854,157.8399964,317.3198099
Great Yarmouth,E07000145,2.075333607,99.743,618.4671336,2621.006178,211.5737445,548.4394895,239.986766,43.2411297,89.96120028,269.532699,401.8928647,359.2633067,166.4176935,56.24454849,16.23171551,990.4755221,9.574606739,269.7733174,68.30554525,74.37113381,433.4940798,12.40187281,383.4254033,143.2481477,269.2018488
King's Lynn and West Norfolk,E07000146,2.520768802,154.318,560.3284715,2274.42519,201.5189414,539.6907684,258.7902902,32.93199756,102.0878964,308.9594215,417.4043209,369.1144261,154.1557045,46.04777148,13.32313794,988.6014593,11.44390155,278.1140243,91.7715367,78.6881634,458.9743257,10.18027709,366.0558068,139.46526,309.089024
North Norfolk,E07000147,1.796325786,102.988,555.9598131,2252.048417,168.0681244,496.9413912,334.9904843,37.52864411,105.9249621,255.7385326,393.4438964,376.0341011,170.1363266,46.81127898,13.50642793,979.4247874,20.49753369,227.2497767,98.12793724,79.12572339,415.5144289,7.991222278,442.061211,152.5323339,251.9613936
Norwich,E07000148,1.38960299,143.926,550.3808623,2224.104617,223.3022525,627.2528938,149.4448536,66.7773717,162.8128344,221.7736893,439.3368815,362.8461848,141.3643122,44.34223142,12.07564999,955.2617317,44.71047622,260.9674416,135.2639551,60.39214596,456.5401665,37.15103595,345.3719272,152.6687325,303.9687061
South Norfolk,E07000149,1.52872883,141.948,483.2687107,1935.241819,211.8663172,545.0094401,243.1242427,23.98061262,160.1995097,288.1548173,470.1933102,354.6369093,131.7454279,34.3576521,9.066700482,987.4390622,12.56093781,254.1634965,150.3296982,72.78017302,481.9440922,11.82827514,332.0159495,152.9926452,324.2877674
Ashfield,E07000170,2.992755631,126.305,568.5508283,2317.770124,226.3805867,576.6042516,197.0151617,32.21566842,114.0414077,312.1966668,424.0212185,347.3813388,157.6501326,55.0017814,15.90594197,991.1325759,8.827837378,302.759194,90.73275009,69.12632121,475.2464273,11.91560112,327.0812715,128.5538973,334.0564507
Bassetlaw,E07000171,1.816576687,117.804,531.7619168,2135.665671,211.5632746,567.0435639,221.3931615,35.17707378,101.0237343,326.0160945,438.6862925,347.5094224,151.6247326,47.68938236,14.49017011,980.8919901,19.10800991,308.0285899,91.17687006,66.97565448,473.8463889,12.40195579,340.2940477,139.7066314,326.4659944
Broxtowe,E07000172,2.352538217,110.944,499.8035607,1999.214551,207.3478512,574.3077589,218.34439,30.44779348,184.228079,249.4682002,462.674863,346.1836602,139.4937987,40.21848861,11.39313528,981.774589,18.18935679,253.5693683,155.9525526,58.42587251,473.0224257,17.45024517,343.6238102,137.9254399,330.0043265
Gedling,E07000173,2.473178802,117.258,492.7159512,1971.282169,215.4138737,568.9505194,215.635607,27.52903853,181.3863446,265.9946443,460.3182725,348.377083,138.0119054,41.27650139,12.05887871,994.8574937,5.193675485,260.6645176,146.8556516,71.64543144,488.307834,12.20385816,322.1358031,143.6831602,335.508025
Mansfield,E07000174,2.670021541,110.486,575.0572559,2353.258207,221.4126677,585.7846243,192.802708,30.15766703,103.3705628,326.8106366,426.5065257,343.9711819,156.5990261,56.55920207,16.32786054,992.8588237,7.104972576,313.904024,79.25891063,71.75569755,474.6483717,13.03332549,328.4398023,133.7092482,331.209384
Newark and Sherwood,E07000175,1.813686419,122.954,508.7100827,2035.458015,210.9244108,564.0239439,225.0516453,36.78611513,128.7798689,294.6874441,446.947639,350.309872,144.8183874,45.16323178,12.77713616,980.9034273,19.11283895,275.6396701,120.256356,68.61915838,471.8431283,12.58194121,344.8932121,135.139971,329.3752135
Rushcliffe,E07000176,1.704764944,119.078,416.1420953,1712.745502,221.955357,561.8754094,216.1692336,23.39642923,224.0548212,227.5651254,531.038479,320.285863,109.9783335,30.47582257,8.213104016,978.6106586,21.38094358,218.8565478,207.2591075,52.36063757,480.3238214,16.12388518,324.2244579,138.7661869,339.710106
Cherwell,E07000177,1.434666766,161.013,458.9340456,1848.203517,229.0374069,596.8586387,174.1039543,50.52387074,190.8914187,281.7474365,507.778875,343.4381075,111.5810525,29.18397893,8.049039519,986.4172458,13.60138622,291.1379826,169.8185861,66.77721675,534.6338494,13.12937465,263.2644569,140.560079,387.1737065
Oxford,E07000178,1.079986917,162.039,478.0499285,1915.892064,243.8425317,639.0868865,117.0705818,59.84361789,221.8046273,166.873407,547.8125636,321.8607866,96.90876888,26.04928443,7.368596449,869.0377008,130.9684706,236.5047921,175.4330748,40.59516536,436.7528805,42.56999858,364.4122711,133.1407871,319.3799024
South Oxfordshire,E07000179,1.368392809,149.08,413.3860188,1704.698545,224.7182721,570.1636705,205.1180574,36.17520794,234.3104373,238.7174671,534.216528,329.9839013,103.3539039,25.69761202,6.781593775,984.323853,15.70968607,228.4679367,219.4056882,65.11269117,519.7142474,11.11483767,284.1092031,144.3184867,368.6678294
Vale of White Horse,E07000180,1.346195378,138.91,418.518905,1719.746366,231.4808149,570.8012382,197.7179469,30.44417249,227.9749478,248.1390829,523.5476208,336.1888993,107.9043985,25.80807717,6.572600965,978.6912389,21.33035779,237.7798575,210.4888057,61.87459506,514.9881218,12.54769275,281.8011662,135.4186164,374.7246419
West Oxfordshire,E07000181,1.566972766,114.233,433.8293527,1766.251933,218.386981,564.9943536,216.6186654,38.46524209,193.9457075,279.3413462,512.6364536,339.9543039,111.7540466,27.99541288,7.694799226,978.5526074,21.48240876,261.5093712,180.5870458,73.74401443,521.0928541,11.2314305,288.8920014,147.3742264,368.466205
Cannock Chase,E07000192,2.636055268,100.529,544.2851554,2194.354676,219.2103771,586.2487441,194.5408788,30.20024073,107.5510549,344.6269236,433.2978544,355.9072506,146.6442519,49.28925982,14.77185688,994.9168897,4.983636563,303.414935,94.78856847,87.99450905,497.647445,13.4289608,309.3634673,135.3440301,350.8539824
East Staffordshire,E07000193,6.031333909,124.019,506.4043827,2025.949917,232.3514945,581.5157355,186.13277,45.27532072,122.5134858,306.1305123,465.3883679,354.6956515,131.5846765,37.38943226,10.94187181,984.1072739,15.9007894,309.4445206,106.7175191,62.13564051,485.9497335,15.36861287,309.0977995,132.5764601,345.7212201
Lichfield,E07000194,2.640009771,106.439,479.9254876,1922.801399,207.1703041,552.9833989,239.8462969,25.6484935,160.86209,283.8527232,471.0961208,348.1430679,130.8167119,39.10220878,10.8137055,986.8751116,13.09670328,256.7667866,149.9356439,67.46587247,481.8158758,12.73029623,337.8273001,137.8911865,336.2959066
Newcastle-under-Lyme,E07000195,2.838466903,123.306,532.3549782,2138.374094,214.5637682,568.5530307,216.8832011,30.39592558,124.7384555,301.2586573,439.4676658,352.9430847,144.9888894,48.43235528,14.11934537,973.8536649,26.0895658,290.9266378,105.5017598,63.25726242,460.3993317,23.29975832,353.1133927,133.7161209,325.9695392
South Staffordshire,E07000196,2.272027807,110.474,497.1271221,1988.574139,192.3167442,556.5472419,251.1360139,18.90037475,139.553198,296.486051,450.0425439,357.2605319,139.5894057,41.07753861,12.0118761,965.349313,34.63258323,260.1155023,127.351232,71.45572714,467.9562612,11.48686569,365.7512175,136.7109003,322.2115611
Stafford,E07000197,2.337984949,136.87,470.1572076,1887.352276,206.1956601,564.0096442,229.7946957,35.44239059,154.9791773,286.5492803,467.8307883,350.179002,132.972894,38.01417403,10.98122306,983.8240666,16.15401476,274.8155184,144.4801637,61.18944984,484.4231753,15.21151458,330.452254,133.7400453,346.759699
Staffordshire Moorlands,E07000198,2.796006301,95.851,506.7406446,2027.331036,195.949964,541.9557438,262.0942922,32.75917831,121.0211683,311.7129712,446.5785438,354.4668287,142.5128585,43.23376908,13.16626848,990.3809037,9.55649915,284.9213884,114.2293768,70.67218913,472.2746763,14.4182116,356.8663864,141.4174083,328.4264118
Tamworth,E07000199,2.454034534,78.646,543.0169636,2188.265035,231.6328866,578.7579788,189.6091346,32.19489866,122.4601378,326.7934796,455.1789029,348.8162144,138.8754673,43.66401343,13.47811713,995.8039824,4.196017598,313.6332426,104.7478575,66.80568624,494.7613356,16.75863998,299.6210869,131.0556163,354.1311701
Babergh,E07000200,2.209418187,92.332,488.1713475,1953.778858,202.0751202,532.1881904,265.7366893,33.08712039,150.5328597,277.6177273,463.2413464,358.8679981,133.7781051,34.92830221,9.249231036,987.3391674,12.75830698,243.653338,142.6482693,78.94337824,472.5230689,12.94242516,352.5754885,155.2332886,310.0116969
Ipswich,E07000202,2.284380281,139.644,548.0363655,2212.567392,245.16628,590.057575,164.7761451,54.22359715,144.6249033,276.1736988,456.3604595,357.7454098,135.3799662,39.82985305,10.6699894,988.0338575,11.95182034,286.5286013,119.3320157,74.11704047,491.3923978,17.87402251,291.5699923,148.7210335,331.256624
Mid Suffolk,E07000203,1.723432845,102.702,478.2942065,1916.789142,199.6747872,547.360324,252.9648887,24.28385036,158.0689763,300.403108,469.3676851,359.8761465,128.5661428,33.63128274,8.529532044,987.945707,12.02508228,255.8372768,151.1849818,80.05686355,491.9475765,12.02508228,336.3712489,152.9570992,334.112286
Elmbridge,E07000207,1.917020403,138.757,381.3481569,1616.418041,256.4267028,564.6994386,178.8738586,22.074562,287.2287524,168.8491391,589.0946042,295.2715899,86.96498195,21.89439091,6.760019314,989.1537004,10.82467912,172.8561442,259.3238539,50.5415943,493.7336495,10.74540384,279.4381545,136.6777892,346.05101
Epsom and Ewell,E07000208,2.705741361,80.939,424.0605345,1736.293586,246.0000741,573.4565537,180.5433722,31.31988287,264.8784887,192.4041562,542.6926451,326.5051459,100.1989152,23.96866776,6.622271093,988.9546449,11.03300016,206.3776424,221.524852,65.17253734,500.9204463,14.49239551,282.8055696,138.6229136,354.4521183
Guildford,E07000209,1.531542821,143.646,422.8299857,1732.591741,233.4280105,591.4539911,175.1179984,40.97573201,236.3727497,203.1661167,547.6727511,325.0351559,95.49169486,24.58126227,7.246982164,941.703911,58.32393523,210.5592916,214.5134567,60.66301881,480.9740612,30.20620136,319.7234869,140.3519764,345.3837907
Mole Valley,E07000210,2.734991875,87.386,432.8908753,1763.32906,213.6841142,548.7263406,237.5895452,28.35694505,241.3773373,210.3426178,525.8508228,329.6409036,107.6945964,28.6201451,8.193532145,985.4438926,14.55610739,192.7425446,221.7632115,70.02265809,492.2756506,11.55791546,323.9763807,150.2414574,334.2869567
Reigate and Banstead,E07000211,2.644976533,150.852,429.430734,1752.635586,242.6550526,580.2110678,177.1338796,31.13647814,243.8946782,218.3199427,537.9776204,325.027179,103.0215045,26.37684618,7.557075809,978.0712221,21.88900379,220.9450322,209.4039191,67.66897356,507.3714634,12.81388381,276.1382017,139.593774,358.4241508
Runnymede,E07000212,1.759663961,88.085,466.0141225,1872.708703,238.2130896,589.6463643,172.1405461,31.27660782,209.6951808,236.2944883,523.6759948,334.2907419,106.0793552,28.23409207,7.651700062,956.0538117,43.87807232,225.6343305,187.6596469,68.6950105,481.0580689,30.98143838,313.5153545,139.8876086,342.112732
Spelthorne,E07000213,1.981486698,102.953,490.8982179,1964.243763,229.1045428,590.3276252,180.5678319,22.56369411,217.691568,255.0581333,504.2397987,344.1570425,113.0807262,29.83885851,8.712713568,992.5305722,7.498567307,245.1798393,179.6645071,75.75301351,516.3715482,13.53044593,279.8170039,133.2064146,367.4006586
Surrey Heath,E07000214,2.520451028,90.46,420.7676072,1726.422784,226.0888791,576.9621932,196.9489277,29.11784214,219.3124033,248.5407915,538.0278576,327.8355074,101.7908468,24.86181738,7.406588547,982.7658634,17.15675437,234.3135087,204.6097723,62.5580367,510.62348,13.88458987,291.1563122,136.9002874,364.5699757
Tandridge,E07000215,2.389676597,87.878,440.2897086,1786.63858,236.5666037,554.6780764,208.7553199,21.85985116,241.4142334,216.789185,522.5084777,329.4908851,110.2096088,29.24508978,8.534559275,979.4487813,20.52845991,200.4824871,209.8477435,74.14825098,494.6858144,11.15182412,300.1320012,142.1174811,342.3610005
Waverley,E07000216,2.339527883,128.231,404.5912142,1679.518381,240.6282412,540.9690324,218.4027263,29.18171113,240.1057467,200.3961601,546.4591245,321.0378146,100.4671257,25.23570743,6.784630861,969.7655013,30.21890183,187.6691284,225.6006738,60.26623827,478.4178553,13.82660979,315.9766359,147.3278692,326.2081712
Woking,E07000217,1.789493939,103.94,437.8936699,1779.02284,241.1102559,593.3326919,165.5570521,31.50856263,254.9932653,215.9707524,532.9901866,331.3450067,101.5874543,26.70771599,7.388878199,993.169136,6.859726765,214.6045796,226.7654416,66.05734077,516.5672503,14.87396575,266.9424668,137.8006542,369.6267077
North Warwickshire,E07000218,2.306450373,65.035,527.4836838,2116.329036,210.5942954,569.9392635,219.4664411,26.87783501,140.3244407,317.3214423,454.9396479,347.4436842,140.8011071,44.03782579,12.76235873,989.7593603,10.24063966,286.3842546,129.3303606,72.54555239,498.5161836,12.13192896,318.1056354,135.7115399,352.5486277
Nuneaton and Bedworth,E07000219,2.041667909,134.204,549.4822041,2219.668144,231.2300677,577.985753,190.7841793,32.42079223,124.2585914,309.960955,443.0419362,353.7748502,144.3995708,45.2669071,13.46457632,994.5530685,5.394772138,303.5155435,107.7538672,59.02208578,482.0273613,14.15755119,312.9563947,127.1273583,343.1566868
Rugby,E07000220,1.512687337,114.366,466.2242641,1873.445967,235.2884599,582.7606107,181.9509295,34.20597031,171.7555917,298.1393071,488.2919749,348.4514628,120.464124,33.98737387,8.77883287,985.1441862,14.82958222,297.7720651,155.5707116,54.71905986,512.3375828,15.67773639,278.0634105,127.144431,380.9261494
Stratford-on-Avon,E07000221,2.00405264,134.727,434.8849724,1769.551244,200.8357642,547.4255346,251.7387012,33.55674809,199.729824,254.7447802,496.388994,342.7449583,120.1912015,31.73083346,8.929167873,991.5532892,8.431865921,235.4464955,194.1036318,62.08109733,497.4800894,11.04455677,327.5290031,150.4449739,341.1862507
Warwick,E07000222,1.630156549,148.452,425.8200517,1741.614285,221.8292782,589.3824266,188.7882952,37.48686444,231.1050036,218.0098618,520.9225878,331.3865761,109.8402177,29.59205669,8.265297874,973.8838143,26.12292189,225.7430011,219.1617493,45.14590575,492.058039,21.23245224,316.9711422,137.3171126,352.7268073
Adur,E07000223,1.347855051,64.547,545.3428716,2199.459631,218.6003997,545.3080701,236.0915302,30.0401258,172.1846097,255.069949,453.4990007,349.7141618,141.1064805,43.37924303,12.25463616,989.2326522,10.72087006,232.760624,143.5543093,85.72048275,472.384464,12.0842177,335.9257595,158.0398779,304.0265233
Arun,E07000224,1.940617116,164.896,540.7428815,2177.429505,190.6171162,525.0521541,284.3307297,32.39617698,126.5343004,279.9582767,431.8782748,365.7032311,148.0872793,43.11808655,11.17067728,979.0049486,20.95260043,257.2591209,109.5235785,77.07888609,451.1813507,14.76081894,380.3670192,150.2401514,293.6214341
Chichester,E07000225,2.32130767,124.068,465.2980524,1870.200781,198.2944837,530.6283651,271.0771512,42.57342748,168.3915272,238.3128607,490.3681852,342.7314054,123.8514363,33.67508141,9.373891737,968.4447239,31.55527614,225.505368,156.2449624,72.54892478,457.7489764,18.44955992,367.7660638,157.4781571,296.8291582
Crawley,E07000226,1.68783493,118.495,539.9525316,2173.688736,253.5634415,613.4858011,132.9507574,30.74391325,193.0039242,267.2264653,490.7548842,349.8122284,116.0724081,33.54571923,9.797881767,995.214988,4.768133677,283.4212414,134.2081944,79.42107262,520.511414,15.78125659,253.3355838,147.2973543,349.7615933
Horsham,E07000227,1.532948166,146.776,432.8683662,1763.259075,218.3258843,553.8098872,227.8642285,30.48182264,214.1290129,242.9552515,514.7367417,339.4764812,110.4949038,27.70888974,7.5966098,982.8377936,17.17583256,221.9368289,200.4210498,69.30288331,499.468578,12.03875293,310.5821115,155.5090751,336.1721262
Mid Sussex,E07000228,2.090843547,152.57,426.9996369,1745.199592,232.3654716,561.2178017,206.4167267,39.05748181,227.7184243,231.323327,529.206266,330.7334338,105.0599725,27.39726027,7.576849971,987.192764,12.78101855,231.4019794,205.2434948,65.23562955,508.5141247,12.62371371,287.1272203,154.0145507,347.8665531
Worthing,E07000229,1.868185166,111.338,522.4983346,2094.233533,209.2636836,566.6079865,224.12833,52.29122133,175.1693043,249.0973432,452.7295263,356.4102104,138.4792254,40.65099068,11.74801056,984.9377571,15.0622429,256.8395337,150.595484,73.61368086,490.5602759,15.12511452,323.8157682,156.8826456,324.1480896
Bromsgrove,E07000234,2.490270804,99.186,452.6463746,1826.972461,223.8521566,546.8816164,229.2662271,21.95874418,178.0089932,273.2744541,506.6541649,331.1959349,118.0106063,33.56320448,10.54584316,980.0375053,19.9322485,246.5670558,165.7088702,64.47482508,484.7559131,12.06823544,320.8517331,141.2901014,335.4606497
Malvern Hills,E07000235,1.63556987,79.483,473.2618788,1898.476605,197.4887712,522.665224,279.8460048,27.47757382,163.2927796,255.7653838,464.577331,348.9173786,136.4191085,38.95172553,11.17220034,977.2529975,22.78474642,227.6084194,157.0524515,65.74990879,459.7586905,10.20343973,374.5203377,152.9132016,297.4975781
Redditch,E07000236,1.976239171,87.034,531.1177085,2132.73143,234.2992394,580.0951352,185.6056254,30.68915596,137.2567043,318.3123837,465.1055909,351.7705724,131.3394765,40.75418802,11.07613117,996.2543374,3.76864214,306.1102558,113.4269366,71.006733,501.9302801,13.37408369,291.8514603,132.8446354,357.6763104
Worcester,E07000237,1.684863189,103.866,499.127907,1996.517702,225.1651166,598.7522385,176.0826449,56.15889704,149.9046849,286.9177594,473.8798067,351.0580941,127.1734735,37.37507943,10.57131304,982.6025841,17.45518264,300.4736873,131.0053338,65.56524753,499.8459554,25.84098743,298.4999904,148.8071169,348.2564073
Wychavon,E07000238,1.871768746,132.495,483.4716507,1936.00216,202.4302804,548.9867542,248.5829654,30.79361485,152.7378392,292.9167138,474.2518586,350.0509453,129.5369637,36.44665836,9.690931733,988.8222197,11.15513793,265.0213216,144.9639609,70.4856787,487.573116,11.03437866,337.0240386,143.7563682,336.714593
Wyre Forest,E07000239,2.450570323,101.609,541.1058647,2179.151842,206.3498312,541.0347509,252.6154179,32.02472222,115.3933215,300.0029525,433.0718736,357.6159592,147.8609178,47.41705951,14.01450659,990.1583521,9.82196459,272.3380803,103.91796,74.40285801,462.9215916,11.80997746,357.5273844,140.7158815,309.9233336
St Albans,E07000240,2.159637721,148.173,393.5921343,1649.055127,258.6571103,569.2602566,172.0826331,29.47905489,285.1936588,173.4324067,575.2869956,302.9769256,91.49440181,23.75601493,6.445168823,991.7663812,8.193125603,184.1563578,260.4658069,47.17458646,498.6198565,13.30876745,271.5474479,138.9524407,352.8443104
Welwyn Hatfield,E07000241,2.052754112,119.839,484.8189747,1941.065278,242.5337328,600.5474011,156.9188661,38.81040396,211.1916822,230.7762915,516.4929614,335.4500622,109.5636646,30.57435392,7.893924349,957.2009112,42.77405519,243.0093709,175.2434516,66.97318903,474.6284599,42.3151061,296.5144903,144.3770392,340.8489724
East Hertfordshire,E07000242,1.531699521,150.16,428.5000242,1749.781351,234.7362813,582.8383058,182.4254129,33.87053809,238.9118274,232.1723495,539.8042088,325.3396377,101.7181673,26.07884923,7.025839105,987.1004262,12.88625466,230.594033,208.2978157,70.74453916,518.3071391,11.76078849,276.7448055,146.3638785,363.2525306
Stevenage,E07000243,1.709478106,89.501,522.9121586,2096.050063,245.5838482,603.0435414,151.3726104,40.15597591,178.5901833,284.3655378,476.7879688,350.1525123,126.2332264,36.84875029,9.910503793,992.5028771,7.43008458,278.3320857,143.8643144,85.73088569,517.2232712,17.03891577,261.6954001,137.2833823,370.6103842
East Suffolk,E07000244,3.625205747,246.055,531.138541,2132.826192,198.9636463,523.4195607,277.616793,33.62256406,121.6232143,271.1263742,433.252728,359.6838105,149.7673284,45.30694357,11.99325354,985.1618541,14.85033834,250.0904269,112.8772023,69.31783544,442.5636545,11.83475239,385.7430249,149.7388795,282.542521
West Suffolk,E07000245,1.000272296,179.951,506.5781119,2026.663235,215.3864107,576.9904029,207.6231863,44.88444076,127.1846225,321.2152197,477.0354152,354.5354013,124.8562109,34.17597013,9.380331312,975.2766031,24.70672572,304.4995582,117.2763697,76.24297725,504.3317348,13.60370323,305.2330912,136.7538941,361.265011
Bolton,E08000001,2.297600022,295.961,568.2260142,2316.026516,263.6428448,564.9798453,171.3773098,31.16964735,130.8517001,257.1723977,480.0497363,327.0194384,131.4531306,47.1954075,14.28904484,992.3706164,7.636141248,255.9661577,99.90505506,67.95827829,437.0609641,17.53271546,330.2833819,133.3790601,290.4538098
Bury,E08000002,2.67731402,193.851,525.2617882,2106.424078,246.2251936,570.9178699,182.8569365,30.47185725,170.290584,251.1464991,482.1022332,329.7326297,132.5760507,43.41478765,12.16914022,990.673249,9.326750958,256.7796916,137.1104611,62.55835668,467.4311714,14.6968548,316.7896993,134.7994078,321.6491016
Manchester,E08000003,1.654156317,551.943,564.4137494,2295.756578,271.2272825,634.2557112,94.51700629,41.03141085,199.8104877,178.2086194,508.2898053,314.2679588,117.6842536,45.14053082,14.60839253,960.4904854,39.50045566,236.6403777,134.0065913,53.82983388,430.6006236,39.17252325,323.7109629,134.8418224,289.6277333
Oldham,E08000004,2.594173025,242.081,590.6030901,2442.617362,279.9558825,560.5603083,159.4838091,32.9435189,125.12754,242.1420929,469.2231113,328.6007576,139.4326692,48.43007093,14.34230691,994.0970171,5.931898827,252.9814401,86.34713175,66.35382372,421.540724,16.18879631,334.8837786,129.4360152,276.2381186
Rochdale,E08000005,2.681264663,223.775,573.49013,2344.611627,265.0072618,570.242431,164.7503072,30.07932075,126.6182549,260.7976762,469.0291588,329.4067702,137.4282203,50.11283655,14.01407664,991.5718914,8.419171042,265.37817,90.05027371,66.67411462,436.4830745,15.17148922,330.144118,123.2398615,298.8761032
Salford,E08000006,2.293212609,269.927,535.6249348,2153.43173,242.7471131,624.1724614,133.0804254,48.56127768,194.8600918,224.6199898,498.0865197,319.1233185,123.1777481,45.96057453,13.63702038,978.9202266,21.0649546,268.9245611,144.627992,59.18266791,482.4563678,27.97793477,293.1940858,130.7538705,341.9887599
Stockport,E08000007,2.21863381,294.776,487.3507675,1950.651511,228.3835862,570.5315222,201.0848916,28.41479632,199.3004858,242.4654653,493.9411621,326.7464108,126.3841018,40.76654816,12.15159986,992.4654653,7.524357478,246.0342769,170.1529297,58.09156783,484.8495129,12.28729612,313.4006839,136.3815236,337.9006432
Tameside,E08000008,2.774135193,231.063,568.167432,2315.712325,241.0121915,583.6719856,175.315823,33.48437439,151.5733804,267.6499483,453.1404855,337.1158515,143.7010685,51.15920766,14.91800937,994.0405863,5.994036259,275.3880976,112.3935896,69.47023106,471.1442334,13.9139542,316.1778389,126.4287229,330.8231954
Trafford,E08000009,2.003718152,235.063,461.0414568,1855.430279,251.4900261,572.8251575,175.6848164,26.40143281,222.4297316,221.676742,530.9470227,309.7169695,112.7995474,35.76062587,10.7290386,994.0654208,5.887783275,231.5379281,193.3524204,49.68880683,484.1553116,14.08133139,293.6787159,134.6702799,339.9173839
Wigan,E08000010,2.754084821,329.329,534.4816743,2148.143144,225.4948699,581.3851802,193.11995,32.41743059,128.7648522,304.2064319,462.6771405,334.5985322,140.3277573,48.84173577,13.56090718,992.4695365,7.533499935,287.3813117,104.551983,77.5516277,479.7937625,14.8362276,321.2532149,127.3043066,342.1775793
Knowsley,E08000011,2.556253762,154.523,592.0875395,2451.506382,237.9969325,592.1707448,169.8323227,31.58105913,146.8001527,266.0898378,472.932832,301.3726112,139.5326262,64.95473166,21.18131281,994.5833306,5.390783249,280.6313623,96.29634423,72.80469574,464.0538949,14.06910298,326.2685814,129.9288779,319.7905813
Liverpool,E08000012,2.633240964,486.093,584.2518471,2405.302328,230.7953416,616.2997616,152.9048968,41.62783665,175.6680306,200.6097599,476.9251974,309.2659224,134.0113929,59.8177715,19.96942972,954.2926971,45.69701683,254.3957638,110.5158889,58.36743175,428.0189182,34.76495239,366.3331914,133.5690907,289.7038221
St. Helens,E08000013,2.744958935,183.245,558.1820202,2263.37552,218.3961363,576.212175,205.3916887,26.31995416,129.8753036,290.4581298,451.5648449,327.2886027,146.0449125,57.79693852,17.30470136,993.3422467,6.674124806,280.9408169,103.5389779,66.40836039,462.8721111,13.70296597,345.12265,121.9460285,328.9421267
Sefton,E08000014,2.796967385,279.231,547.6830824,2210.839261,207.3695256,560.6863135,231.9441609,31.94487718,162.9690113,246.4088873,463.5910769,322.9011106,143.4547024,53.55064445,16.50962823,987.3438121,12.66335042,255.2152161,124.448933,66.5506337,456.7401184,14.76197127,360.74433,139.8340442,306.3807385
Wirral,E08000015,2.798259832,320.199,542.5543797,2186.05219,222.8676542,557.2878116,219.8445342,28.42294948,152.0585636,250.1163339,464.8515454,320.7474102,141.7399804,55.71535202,16.94571189,991.2679303,8.732069744,260.3755789,116.4869347,58.8134254,446.4098889,12.7514452,359.4264817,134.1322115,301.5437275
Barnsley,E08000016,2.931604082,244.576,572.080368,2336.887409,222.5688539,582.8167931,194.614353,30.97196781,117.3990907,304.347115,433.444001,336.0591391,155.3750164,58.27227528,16.8332134,993.0532841,6.930361115,289.9671268,91.34175062,75.32219024,468.2062018,12.29883554,336.3862358,130.8059662,325.8210127
Doncaster,E08000017,2.593246524,308.108,562.5454191,2285.951602,226.6153427,579.1313436,194.2533138,31.79404624,112.2528464,298.6842276,443.1562958,341.0816986,147.1464551,52.5530009,16.04956703,983.9796435,16.01386527,290.9272073,82.77292378,73.73713114,462.8377063,11.87895154,339.6925753,129.4416244,317.9923923
Rotherham,E08000018,2.802796024,265.806,564.160632,2294.423298,231.8871658,571.6274275,196.4854066,24.89785784,118.3908565,295.5802352,441.5212599,340.2857723,147.7656637,54.17484933,16.25621694,993.0362746,6.967487566,275.7650316,93.11302228,74.32112142,455.9565999,13.00948812,342.0426928,131.7991317,311.3925194
Sheffield,E08000019,2.163448148,556.519,546.2901487,2204.051768,236.6460085,592.9716685,170.382323,37.03916668,170.3859167,223.025629,466.5680776,337.3811137,135.7384025,46.71538618,13.6024107,962.9374738,37.06611993,251.2205334,125.1601473,58.47778782,436.0749588,31.21726302,352.5306414,144.2825851,290.5758833
Newcastle upon Tyne,E08000021,1.642616058,300.131,537.7085759,2163.137683,240.2784118,611.393025,148.3285632,41.06540144,180.5278362,190.2202705,483.8520513,321.906101,130.9661448,48.39553395,14.8635096,942.5184336,57.46157511,239.7553068,125.042065,51.94731634,410.7972852,45.31021454,371.6876964,139.319164,277.4221923
North Tyneside,E08000022,2.062674681,208.952,505.631988,2022.784597,217.5284276,577.2091198,205.2624526,29.55702745,189.4789234,240.4140664,460.2492438,333.076496,144.5499445,48.7576094,13.42892147,994.0895517,5.982235154,262.1367587,147.1055553,56.24258203,478.7415292,13.56292354,328.5204257,134.6194341,330.8702477
South Tyneside,E08000023,3.031594903,147.777,566.7403752,2308.084905,219.2695751,572.0511311,208.6792938,28.90842283,143.7774485,242.2230794,437.5241073,330.6942217,155.1662302,58.93339288,17.6888149,992.0217625,7.971470527,258.9036183,100.008797,64.05597623,445.1639971,13.59480839,362.0116798,125.4254722,297.5632203
Sunderland,E08000024,2.826754594,274.166,585.3147483,2411.467482,217.988372,576.8074816,205.2041464,32.10828476,137.661125,252.3690027,431.3372191,330.0409241,158.6885318,61.40075721,18.55080499,986.2127324,13.80915212,267.8705602,100.0051064,59.4238527,442.5384621,16.84745738,365.2021038,126.580247,300.7229197
Birmingham,E08000025,2.372226434,1144.916,595.9037066,2474.65769,284.5510064,584.01053,131.4384636,27.49634034,152.0242533,202.0925553,475.5807413,332.7693909,131.713593,45.20418965,14.73470543,976.3607112,23.6419091,231.6484353,99.62128226,55.14989746,404.7231413,27.38192147,344.9143867,127.6792359,258.7403792
Coventry,E08000026,1.720103785,345.328,550.0223647,2222.332671,260.3959135,593.8991336,145.704953,33.30456841,154.8875272,241.4313348,485.4833665,336.3439976,124.6061715,40.90603716,12.6517398,963.1596627,36.83164991,269.3381365,111.9920771,53.45063244,436.498054,37.50347496,327.7608534,124.6322337,310.1515081
Dudley,E08000027,2.234964992,323.495,558.4542543,2264.771,231.9355786,563.8572466,204.2071748,25.1224903,126.8891328,291.2626161,438.4797292,354.2682267,146.5308583,47.29284842,13.40669871,993.8206155,6.151563394,279.8281272,97.16997172,70.11854897,464.1308212,13.47161471,333.8104144,132.3297114,314.7869364
Sandwell,E08000028,2.817148624,341.835,620.8040294,2637.158824,272.3536209,582.242895,145.4034841,26.97500256,130.4284231,250.4395395,448.5702166,341.5741513,143.4844296,51.11237878,15.25297293,994.020507,5.970716866,272.2219784,77.0751971,63.39023213,434.8442962,19.15836588,324.2266006,123.7263592,288.9639738
Solihull,E08000029,2.543517268,216.236,492.8869171,1971.946758,235.2660982,553.8531974,210.8807044,19.09025324,190.9349045,239.3403504,492.5544313,333.8528275,124.0126528,38.35161583,11.2469709,994.1452857,5.873212601,236.4823619,163.5527849,52.89128545,466.1619712,12.29674985,328.5345641,128.8499602,324.076472
Walsall,E08000030,3.097173829,284.13,597.873933,2486.782335,262.5664309,563.3407243,174.0928448,27.06507585,113.2685742,272.9419632,444.0572977,343.7898145,146.2957097,50.05455249,15.78150846,993.8830817,6.095801218,272.223982,77.58420441,67.36353078,436.4269876,15.80262556,332.9637842,126.3506142,290.828142
Wolverhampton,E08000031,2.78694119,263.73,596.598853,2478.922054,255.5833618,580.3018238,164.1148144,29.91696053,124.6426269,262.8938687,448.3524817,343.874417,144.2990938,49.11462481,14.34800743,987.0739013,12.91472339,281.0639669,79.63447465,61.36958253,445.1332802,21.21487885,324.0207788,121.9618549,300.0947939
Bradford,E08000032,2.126612117,546.409,570.4851168,2328.20803,283.2676621,564.8296423,151.9026956,33.36328648,139.0478561,227.6005703,461.4418869,345.2798179,133.8264926,45.57758016,13.87239229,989.2754329,10.73005752,244.7708585,101.3819318,58.56052883,420.5823843,17.32950958,333.6237141,136.9066029,267.803056
Calderdale,E08000033,1.539005067,206.627,522.2489942,2093.140544,237.3116776,572.4566489,190.2316735,35.95851462,161.3293519,250.3738621,466.1007516,341.9543428,135.0888316,43.83260658,13.04282596,993.6503942,6.368964366,256.5105238,132.0253403,63.3944257,464.9102005,13.02830705,328.5098269,141.1045023,310.8257875
Kirklees,E08000034,2.005899977,433.222,533.709759,2144.587023,249.9226724,572.7663877,177.3109399,31.05105466,144.1893533,259.0888736,465.5926984,344.9524724,133.9359497,43.09337938,12.41395866,987.1359257,12.8502246,261.4571744,115.2019057,62.11365074,448.0774291,18.63478771,332.5800629,139.9582662,298.8098481
Leeds,E08000035,1.890510499,811.95,516.9123719,2070.017823,241.8794261,601.99766,156.122914,36.72516781,201.1170639,218.4617279,495.1733481,332.9071987,121.7513394,38.94451629,11.22729232,973.6005912,26.40679845,246.6752879,155.902457,58.12057393,465.1604163,28.85891988,316.954246,134.1240224,326.5742964
Wakefield,E08000036,2.269543686,353.375,552.6078549,2235.175586,225.7233817,585.7799788,188.4966395,33.89317297,132.9126282,295.2133003,447.0718076,342.8765476,144.5603113,50.65440396,14.82278033,989.9540149,10.02617616,294.1492748,104.605589,67.15528829,477.5776441,12.41740361,323.6957906,127.8273788,338.0827733
Gateshead,E08000037,2.273839628,196.144,551.9387858,2231.837902,216.3002692,580.9303369,202.7693939,34.04131658,169.8853903,237.2236724,437.4898034,335.3505588,153.5453544,56.69304185,16.9569296,987.009544,13.02614406,268.155029,119.43776,58.60490252,461.4161025,15.35096664,347.8770699,130.1849661,316.007627
City of London,E09000001,1.282200723,8.579,402.3199023,1673.135853,89.17123208,770.4860706,140.3426973,88.35528616,489.450985,39.98134981,575.4749971,317.7526518,80.07926332,21.68084858,5.478493997,975.9878774,24.47837743,168.2014221,419.8624548,35.31880173,647.511365,14.33733535,271.127171,103.1588763,520.5734934
Barking and Dagenham,E09000002,2.343932049,218.863,624.0832454,2660.163421,314.9778629,598.0864742,86.93566295,20.39175192,245.6833727,159.6432471,511.4112481,328.8723996,111.0055149,37.32471912,11.41353267,995.8238716,4.203542856,245.7838922,89.42580518,96.97390605,447.0102301,26.65137552,265.366919,141.1248132,291.0542211
Barnet,E09000003,2.226845431,389.34,504.2673632,2017.21639,248.1866749,607.7233267,144.0899985,24.03811579,310.8799507,136.9676889,548.5591,310.2737967,100.983716,30.11249807,10.08116299,991.2929573,8.717316484,202.0830123,204.5204705,71.58010993,493.7432578,19.33271691,281.4866184,153.2850465,324.8959778
Bexley,E09000004,2.349141691,246.473,514.8112782,2061.053679,250.6522013,583.4391597,165.9086391,21.34107996,260.2556872,191.4286758,507.8893023,334.1988778,114.6575893,32.97724294,10.27698774,995.1029119,4.89303088,232.4433102,165.0971912,81.14884795,491.6400579,16.91868886,285.9582997,132.1889213,346.5044853
Brent,E09000005,2.330659353,339.818,600.5800425,2503.63053,239.2368856,644.356685,116.4064293,32.37321154,305.3958295,129.5281592,520.2579028,327.5282651,108.5021982,32.83522356,10.86463931,988.1936801,11.80043435,242.0236715,144.1565779,87.58511909,491.5690164,26.30231477,291.8032594,145.7250646,328.0491322
Bromley,E09000006,2.039461921,329.989,453.5769766,1830.083941,237.1503293,586.3589392,176.4907315,21.30071002,310.7133874,154.2687787,533.990527,324.1835334,103.8367946,29.3767368,8.6184691,994.584668,5.424423238,197.8187152,228.8288397,64.64760947,506.1592962,12.31253163,284.8519193,133.540815,357.7543494
Camden,E09000007,1.46573139,210.134,524.7684861,2104.237557,209.5615179,672.2995803,118.1389018,50.54393863,373.961377,57.67272312,555.3218423,293.4556045,100.4549478,38.13281049,12.64431268,964.6320919,35.37742583,166.4366547,276.5378282,44.87136779,502.1510084,28.57700325,315.9127033,128.5132344,359.3230986
Croydon,E09000008,2.336723673,390.718,520.0528291,2083.562652,250.6488055,613.5192133,135.8319811,25.63997563,299.8019032,152.9645422,512.0061016,334.5405126,110.8907191,32.58872128,9.976504794,991.4490758,8.553483587,228.7864905,181.6553115,74.32470477,503.7162352,18.74753659,271.9608516,142.2227796,342.5386084
Ealing,E09000009,2.018402602,367.122,539.6684074,2172.3471,242.9900687,635.8894319,121.1204995,30.60290585,296.4872713,143.2221441,524.5095636,327.9236875,105.8721624,31.64887966,10.02663965,988.518803,11.46212976,229.4142002,171.9782525,75.35097325,497.3523788,20.97940194,286.2263771,138.9020544,337.8495432
Enfield,E09000010,2.251610674,329.986,578.1260337,2370.376179,271.0872582,592.4978635,136.4148782,24.88893468,244.7952337,159.6855624,506.4426976,330.0685484,114.6169838,36.81974387,12.04596559,994.3027886,5.691150534,222.1063924,136.2997218,77.56389665,454.1526004,18.64018474,306.5796731,154.0035032,281.9665077
Greenwich,E09000011,1.66051469,289.067,517.5709326,2072.84359,248.7658571,646.6736085,104.5605344,24.21929864,345.6776457,118.8409607,527.2653053,319.7113472,107.0651441,35.0576164,10.90404647,984.7198054,15.28365396,224.5742337,200.5036895,69.38875762,512.7565582,24.15011053,257.8883096,130.8935299,363.5835291
Hackney,E09000012,1.840647043,259.148,550.47558,2224.57325,234.7577446,686.1330205,79.10923488,48.99902758,374.4269684,89.45467455,566.6105855,284.1079229,99.209718,36.53124855,13.53280751,990.2951209,9.697161468,204.6977017,257.9375492,55.64387917,542.4429284,20.04260114,245.8016269,152.3222251,365.9530461
Hammersmith and Fulham,E09000013,1.534169392,183.161,486.140515,1946.057296,191.6947385,704.6532832,103.6519783,51.53935609,400.5710823,77.54925994,590.0218933,279.7429584,88.99820377,30.59057332,10.62453252,985.9577093,14.02045195,203.6623517,280.1851923,51.70860609,554.7851344,22.69587958,266.7598452,123.4160111,412.140139
Haringey,E09000014,1.793864529,264.234,566.8300109,2308.562516,226.3751069,668.7708622,104.8540309,29.98100169,373.2903411,99.24915037,530.5297577,317.177199,103.7262426,36.18762158,12.39431716,991.8102894,8.204848733,217.9053415,211.0515679,79.61125366,531.275309,22.50656615,263.6753786,164.4981342,344.0700288
Harrow,E09000015,2.469343767,261.203,512.7172531,2052.196607,242.5469845,603.6224699,153.8305456,23.53342037,285.9423514,163.2714785,515.1280805,339.1768088,106.8402737,29.53641421,9.318422836,991.5927459,8.407254128,222.9530289,172.9497747,82.79384234,490.9399969,20.31753081,291.2715398,139.8873673,338.8092786
Havering,E09000016,3.220673365,262.057,527.0100813,2114.209966,243.0272803,581.0338972,175.9388225,23.28119455,253.4792049,193.4960715,498.9906776,339.6703771,116.9287598,34.11853146,10.27257429,994.2684225,5.712497663,229.2707312,158.9501521,87.95033142,490.431471,14.92423404,294.9663623,134.360082,341.7996848
Hillingdon,E09000017,2.307823063,305.916,540.996814,2178.634115,257.9237438,607.4804848,134.5957714,23.62086324,236.3393873,201.1401823,513.1343245,339.0636645,108.16041,30.21744531,9.401273552,982.0342839,17.94283398,243.6453144,147.7300958,75.43574053,483.1522379,21.6856915,285.833366,132.4350475,334.3695655
Hounslow,E09000018,1.974453555,288.181,558.9980672,2267.563758,250.3981873,631.8008474,117.8009654,29.88399652,275.354725,170.2714613,519.2014741,334.2135672,105.2220653,31.28936328,10.07353018,993.7539255,6.246074516,248.9268897,156.3149548,76.39990145,501.9484282,20.6536864,270.909602,139.9155392,341.7262068
Islington,E09000019,1.500551741,216.587,516.4877301,2068.199841,192.8832294,713.2930416,93.82372903,45.81530747,409.6552425,70.06422361,548.0014959,292.8199753,103.7412218,41.09664938,14.34989173,975.7372326,24.27200155,185.1865532,297.9403196,47.70369413,551.4319881,25.30622798,271.082752,124.181045,406.6449048
Kensington and Chelsea,E09000020,1.750641669,143.376,474.1044196,1901.518167,179.4303091,676.8985046,143.6711863,47.5672358,368.9250642,61.13296507,596.0690771,267.143734,92.00284566,33.52025444,11.25711416,983.8954916,16.09753376,159.915188,279.0564669,45.36324071,507.1071867,16.49508983,334.9026336,122.7890302,361.5319161
Kingston upon Thames,E09000021,1.814784844,168.064,441.699936,1791.151505,238.6412319,616.6281893,144.7305788,37.88437738,305.8477723,152.2098724,541.2104912,325.6140518,99.42640899,25.9841489,7.758948972,979.9183644,20.07568545,208.0100438,233.5479341,59.13223534,508.2885091,23.5624524,274.1931645,140.6309501,360.0592631
Lambeth,E09000022,1.640108039,317.662,499.8366595,1999.346852,190.8412086,723.3285694,85.83022206,33.72452481,443.8019027,91.8743822,562.0281935,302.8722353,95.19552228,30.16413672,9.714728233,986.1550957,13.81972033,222.6454533,288.8919669,63.97680554,598.2238984,22.37598454,226.0295534,134.1835032,441.3275746
Lewisham,E09000023,1.826626829,300.554,527.8858095,2118.13163,234.7198839,669.9594748,95.32064122,27.09995542,375.7461222,109.1950199,531.1691077,320.3783679,105.169121,32.90922763,10.36086693,991.0897875,8.906885285,219.1985467,232.8267133,66.05801287,540.3820944,23.83931007,242.3458014,146.968598,371.1146749
Merton,E09000024,1.998252691,215.188,460.937978,1855.074109,235.5103444,638.6880309,125.8016246,31.05656449,350.8885254,133.0836292,549.008309,320.5522613,96.47378107,26.01910887,7.918657174,995.0136625,4.97704333,219.5010874,225.0079001,76.26819339,535.3923081,17.14779635,250.3485324,140.7885198,379.9886611
Newham,E09000025,2.122271315,351.039,606.9588856,2544.263089,263.8709659,664.4361453,71.69288882,27.96840237,329.704107,101.2508582,514.1309085,332.9316686,107.6831919,33.68001846,11.56566649,992.5108036,7.480650298,241.0900213,135.9877393,88.53147371,480.0007976,34.86792066,271.8615311,150.1200721,315.4834648
Redbridge,E09000026,2.630052214,310.26,537.2421972,2160.95762,269.6673757,608.0770966,122.2555276,21.81396248,282.324502,146.3385548,513.1244762,340.1953201,106.3978599,30.51311803,9.762779604,994.2983304,5.701669567,218.3652421,159.2406369,78.8725585,469.1355637,22.27808934,288.6417843,144.533617,311.9480436
Richmond upon Thames,E09000027,1.510666844,195.278,389.6165046,1638.314285,242.1983019,596.7646125,161.0370856,27.58119194,352.021221,115.7682893,593.8149715,292.1680886,83.62949231,23.42301744,6.964430197,990.4699966,9.53000338,162.0663874,293.540491,44.01417466,513.9134977,12.62302973,271.4796342,132.4778009,367.1432522
Southwark,E09000028,1.36197711,307.641,514.5392836,2059.898909,210.2288057,706.2777718,83.49342253,42.25054528,409.4805309,85.32997877,557.8580228,303.3698369,97.52276192,31.04917745,10.18719872,983.2824624,16.70453548,223.4390085,262.7803186,56.4521634,560.1301517,28.92657351,243.5338593,136.4187478,406.2527426
Sutton,E09000029,2.170387331,209.64,491.2809054,1965.721379,251.6599886,596.9328372,151.4071742,30.92921198,265.292883,195.5447434,514.1766838,340.2451822,106.3919099,30.15645869,9.02499523,994.2043503,5.790879603,236.0427399,181.3775997,79.73669147,509.7452776,14.05743179,266.4043122,139.300706,357.8658653
Tower Hamlets,E09000030,1.611328282,310.303,535.95102,2154.944937,233.6683822,710.028585,56.30303284,44.80137156,376.0389039,74.3950268,529.6726103,321.2891915,100.488877,36.00351914,12.55546998,978.6531229,21.35654505,197.7841013,252.0729738,50.92441904,517.0397966,32.53916333,265.3632095,131.6036261,369.1714228
Waltham Forest,E09000031,1.950227886,278.429,547.3707739,2209.31381,244.8775092,653.1180301,102.0044607,27.9281253,343.2544742,126.9192505,515.1654461,334.6239077,106.2748492,33.31908673,10.60593544,993.7470594,6.242165866,225.1597355,189.5097134,89.49139637,523.1243872,22.20314694,252.6640544,146.3317399,357.8219223
Wandsworth,E09000032,1.364860491,327.506,416.3706766,1713.416307,196.5429641,707.7702393,95.68679658,37.67259226,448.1505682,90.55406619,606.327823,280.6635604,81.66567941,24.02398735,7.318949882,986.2353667,13.76463332,203.0955158,328.662681,49.73649338,596.938682,18.09737837,220.2432933,118.0069983,463.4846384
Westminster,E09000033,1.752839796,204.24,498.6025418,1994.425747,174.6278888,704.0344693,121.337642,59.91480611,375.4455542,55.87544066,563.2246377,288.7632197,97.14061888,36.25146886,14.60047004,978.9610262,21.01938895,173.0611046,277.9377203,47.15041128,517.7095574,22.2826087,328.9365452,120.6325891,377.5166471
